estado_cuenta,duracion,historial_credito,proposito,monto_credito,cuenta_ahorro,empleo,tasa_cuota,estado_personal,otros_deudores,residencia,propiedad,edad,otros_planes,vivienda,creditos_existentes,trabajo,personas_cargo,telefono,trabajador_extranjero
A12,18,A32,A40,2101,A64,A73,2,A92,A101,3,A121,49,A143,A152,1,A173,1,A191,A201
A13,18,A32,A43,1467,A64,A74,1,A93,A101,3,A121,42,A143,A152,1,A174,1,A192,A201
A12,24,A32,A43,1424,A62,A75,2,A93,A101,2,A122,53,A142,A152,2,A173,1,A192,A201
A13,12,A32,A40,2465,A62,A74,2,A93,A103,4,A121,50,A143,A152,1,A174,1,A191,A201
A11,60,A34,A40,15318,A61,A72,3,A92,A103,1,A123,30,A142,A151,2,A173,2,A191,A202
A13,12,A32,A43,2473,A62,A73,1,A92,A101,4,A121,62,A143,A152,1,A173,1,A192,A201
A13,24,A31,A46,2738,A64,A75,2,A93,A101,3,A121,37,A143,A152,2,A173,2,A191,A201
A12,12,A32,A42,1280,A63,A74,2,A93,A101,3,A121,33,A143,A152,2,A173,2,A192,A201
A11,48,A34,A49,6236,A65,A72,4,A93,A102,2,A124,23,A142,A151,2,A171,2,A191,A202
A11,48,A33,A42,13495,A61,A72,4,A93,A103,1,A124,34,A141,A151,4,A171,2,A192,A201
A11,36,A34,A46,5974,A61,A71,4,A93,A102,1,A124,18,A142,A151,4,A172,2,A192,A202
A11,36,A30,A40,14074,A61,A71,3,A93,A103,1,A124,20,A141,A151,3,A171,2,A192,A202
A13,12,A32,A43,421,A62,A73,3,A93,A101,2,A122,44,A143,A153,2,A174,1,A192,A201
A13,24,A32,A43,840,A64,A73,2,A93,A101,4,A121,64,A142,A152,2,A174,2,A192,A201
A13,18,A32,A43,1051,A62,A75,2,A92,A101,2,A121,59,A142,A152,1,A174,1,A192,A201
A14,36,A30,A49,10469,A61,A72,4,A92,A103,2,A124,26,A141,A151,2,A173,2,A191,A201
A13,6,A31,A42,2914,A62,A75,2,A93,A101,3,A122,46,A143,A152,2,A174,1,A192,A201
A11,60,A33,A40,9535,A61,A73,4,A93,A101,1,A124,32,A143,A151,4,A172,2,A191,A202
A12,12,A34,A43,2878,A63,A75,3,A93,A101,4,A121,47,A143,A152,2,A173,1,A191,A201
A13,6,A31,A43,1542,A64,A73,3,A93,A101,2,A121,35,A143,A153,1,A174,1,A191,A201
A11,60,A30,A49,8945,A61,A71,4,A92,A102,1,A123,29,A143,A151,4,A171,2,A191,A202
A11,36,A34,A46,13871,A61,A71,4,A91,A101,3,A124,18,A143,A152,4,A171,2,A191,A202
A12,12,A32,A42,1531,A63,A74,1,A93,A101,2,A121,51,A143,A152,2,A174,1,A191,A201
A13,12,A32,A49,517,A63,A74,1,A92,A101,3,A122,32,A143,A153,1,A173,2,A191,A201
A11,36,A30,A40,13281,A61,A71,4,A92,A101,2,A124,28,A141,A151,4,A172,1,A192,A201
A11,48,A33,A49,12237,A61,A71,3,A93,A101,1,A124,25,A142,A151,4,A172,2,A191,A201
A14,60,A32,A49,6736,A61,A71,4,A93,A102,2,A123,30,A142,A151,4,A172,2,A191,A202
A13,18,A32,A40,2980,A64,A73,1,A93,A101,4,A122,64,A143,A152,2,A174,1,A192,A201
A11,48,A30,A42,7577,A61,A73,4,A92,A102,1,A124,34,A141,A151,2,A172,2,A191,A202
A13,24,A32,A43,1392,A64,A73,2,A92,A101,2,A121,44,A143,A152,2,A173,1,A191,A201
A13,6,A31,A46,1842,A63,A73,1,A93,A101,2,A122,33,A143,A153,1,A173,1,A192,A201
A13,30,A31,A42,1060,A64,A74,1,A93,A101,4,A121,63,A143,A153,1,A174,2,A192,A201
A13,18,A32,A42,1157,A64,A73,2,A92,A101,4,A121,55,A142,A152,1,A173,2,A192,A201
A11,72,A34,A42,11329,A61,A71,4,A93,A102,2,A123,33,A143,A151,3,A171,2,A191,A202
A12,30,A31,A42,2850,A64,A73,2,A93,A101,4,A121,52,A143,A153,2,A174,2,A192,A201
A12,12,A32,A43,729,A62,A73,1,A93,A101,2,A122,53,A143,A152,1,A174,1,A191,A201
A12,36,A30,A49,17907,A61,A73,4,A91,A102,1,A123,23,A142,A151,3,A172,2,A192,A202
A11,48,A34,A42,16853,A65,A73,4,A91,A101,3,A124,28,A142,A151,3,A171,1,A191,A202
A12,6,A32,A40,1291,A62,A75,1,A92,A101,2,A121,53,A143,A152,2,A173,1,A191,A201
A14,36,A30,A42,9603,A61,A71,4,A92,A102,2,A124,18,A142,A152,3,A171,2,A191,A201
A14,36,A34,A46,8984,A61,A71,4,A92,A101,1,A124,26,A141,A151,3,A172,1,A192,A201
A11,72,A32,A49,12099,A65,A71,3,A93,A102,1,A124,20,A142,A151,3,A173,2,A191,A202
A13,12,A32,A46,1148,A62,A74,2,A93,A101,2,A121,45,A143,A152,1,A173,2,A192,A201
A11,36,A34,A42,8463,A61,A71,4,A93,A101,3,A124,27,A142,A151,4,A173,2,A191,A202
A11,36,A30,A46,5146,A61,A72,4,A91,A103,1,A124,29,A142,A152,3,A173,2,A192,A201
A13,6,A32,A40,984,A64,A75,2,A93,A101,3,A122,38,A143,A152,1,A173,1,A191,A201
A12,12,A32,A40,2665,A62,A73,1,A93,A101,3,A121,54,A143,A152,1,A173,1,A191,A201
A12,6,A32,A46,1415,A62,A74,2,A93,A101,4,A122,63,A143,A152,1,A174,1,A192,A201
A12,6,A32,A46,1061,A64,A73,1,A93,A103,2,A121,48,A143,A152,1,A174,1,A192,A201
A12,18,A32,A42,1600,A62,A74,2,A93,A101,2,A121,32,A143,A153,1,A174,1,A191,A201
A12,30,A31,A40,2213,A62,A74,2,A93,A101,4,A121,49,A142,A152,2,A173,1,A191,A201
A11,60,A33,A40,11460,A61,A71,4,A92,A101,1,A124,22,A143,A152,2,A171,2,A191,A201
A14,48,A34,A49,10621,A61,A72,4,A92,A103,2,A123,31,A142,A152,4,A172,2,A191,A202
A11,60,A33,A49,16947,A61,A71,4,A91,A102,3,A123,31,A142,A151,4,A171,2,A191,A202
A12,12,A32,A42,970,A62,A75,1,A93,A101,3,A122,63,A143,A152,1,A174,2,A192,A201
A13,12,A31,A46,911,A63,A74,2,A93,A101,4,A122,49,A143,A152,1,A174,1,A192,A201
A12,6,A31,A42,2784,A63,A74,2,A92,A101,3,A121,52,A143,A152,1,A174,1,A191,A201
A13,18,A32,A42,679,A62,A73,1,A93,A101,3,A121,61,A143,A152,1,A173,1,A192,A201
A13,12,A34,A40,2055,A64,A73,1,A93,A101,3,A121,31,A143,A152,2,A173,2,A191,A201
A12,12,A32,A49,1541,A62,A73,2,A92,A101,4,A121,49,A143,A152,2,A174,1,A191,A201
A12,24,A32,A42,2087,A64,A74,2,A93,A101,3,A121,30,A143,A152,1,A174,2,A192,A201
A12,12,A32,A43,1119,A63,A75,2,A92,A101,2,A121,56,A142,A153,1,A173,1,A191,A201
A11,48,A33,A40,12779,A61,A72,4,A91,A101,1,A124,31,A141,A152,2,A172,1,A191,A201
A12,12,A32,A40,446,A62,A73,1,A92,A101,4,A121,64,A143,A152,1,A173,1,A192,A201
A12,12,A32,A49,2534,A64,A73,1,A92,A103,3,A121,60,A143,A152,1,A174,1,A191,A201
A11,60,A30,A40,10087,A61,A73,3,A91,A101,2,A123,21,A141,A151,3,A172,2,A192,A201
A13,12,A31,A43,2173,A62,A73,2,A93,A101,4,A121,39,A143,A152,1,A173,2,A192,A201
A14,48,A34,A49,11612,A61,A72,3,A93,A103,2,A124,22,A143,A151,3,A172,2,A191,A202
A12,18,A32,A42,535,A64,A73,1,A93,A101,3,A121,62,A142,A152,1,A173,1,A192,A201
A14,48,A30,A49,12352,A61,A71,4,A93,A101,2,A124,19,A142,A151,3,A173,2,A191,A202
A12,48,A34,A40,10260,A65,A72,4,A92,A101,2,A123,21,A142,A152,3,A171,1,A191,A202
A11,36,A32,A46,6765,A61,A71,4,A93,A101,1,A124,31,A141,A152,4,A172,2,A191,A201
A12,6,A32,A40,1178,A63,A75,2,A93,A101,2,A121,62,A143,A152,1,A174,1,A191,A201
A11,72,A32,A42,13206,A61,A71,4,A93,A103,2,A124,22,A143,A151,3,A171,1,A191,A202
A13,24,A32,A40,1013,A64,A74,2,A92,A101,2,A121,33,A143,A152,1,A173,1,A191,A201
A11,48,A30,A46,12492,A65,A71,3,A92,A101,1,A124,24,A141,A151,3,A172,2,A191,A201
A12,30,A32,A43,600,A64,A74,3,A93,A101,4,A121,39,A143,A152,2,A173,1,A192,A201
A13,18,A32,A43,716,A62,A74,3,A93,A101,4,A121,32,A143,A152,2,A173,1,A192,A201
A12,18,A32,A43,1803,A64,A73,1,A93,A101,4,A121,60,A143,A152,2,A174,1,A191,A201
A14,48,A34,A40,17331,A61,A72,4,A91,A102,3,A124,30,A143,A152,4,A171,2,A192,A201
A12,18,A32,A42,753,A64,A75,1,A93,A101,4,A121,63,A143,A152,1,A174,2,A192,A201
A12,72,A33,A40,9959,A61,A72,4,A93,A101,2,A124,30,A141,A151,2,A172,1,A191,A201
A13,18,A34,A43,1130,A63,A74,2,A93,A103,2,A122,35,A143,A152,1,A174,1,A192,A201
A13,6,A32,A49,2672,A64,A74,2,A92,A101,3,A122,53,A143,A152,1,A174,1,A191,A201
A14,36,A33,A42,9581,A61,A71,3,A91,A101,2,A123,24,A141,A151,3,A172,2,A191,A201
A13,24,A31,A43,523,A64,A74,1,A92,A101,3,A121,56,A142,A152,1,A173,2,A191,A201
A13,6,A32,A40,1134,A62,A75,2,A92,A101,4,A121,42,A143,A152,2,A173,1,A192,A201
A11,60,A34,A40,16644,A61,A72,4,A93,A101,2,A123,30,A143,A151,2,A171,2,A192,A201
A13,24,A32,A43,1612,A63,A74,3,A93,A101,4,A121,38,A142,A152,1,A174,1,A192,A201
A13,24,A32,A40,630,A63,A73,1,A93,A101,4,A121,33,A143,A152,2,A173,1,A192,A201
A12,6,A32,A43,2490,A64,A75,2,A92,A101,2,A122,36,A143,A152,1,A173,1,A192,A201
A11,48,A32,A49,14694,A65,A72,4,A93,A101,2,A124,31,A141,A151,2,A173,2,A191,A202
A11,60,A32,A46,8213,A65,A72,4,A93,A102,1,A123,33,A141,A151,3,A173,2,A191,A202
A13,6,A31,A49,1614,A63,A73,2,A92,A101,4,A121,48,A143,A152,1,A173,1,A191,A201
A13,24,A31,A43,1088,A64,A75,2,A93,A101,3,A121,32,A143,A152,1,A173,1,A192,A201
A13,18,A32,A40,433,A62,A74,2,A93,A101,4,A122,35,A143,A152,1,A173,2,A191,A201
A12,12,A32,A43,2977,A62,A73,2,A92,A101,2,A122,37,A143,A152,2,A173,1,A192,A201
A13,12,A32,A43,995,A63,A73,1,A93,A101,3,A121,52,A143,A152,1,A174,1,A192,A201
A13,18,A32,A43,628,A63,A74,2,A93,A101,3,A121,42,A143,A152,2,A173,1,A192,A201
A13,12,A32,A43,1302,A63,A74,3,A93,A101,4,A121,37,A143,A152,1,A173,1,A191,A201
A13,24,A32,A42,2190,A63,A74,3,A93,A101,4,A121,52,A143,A152,1,A173,1,A191,A201
A13,6,A32,A43,2581,A63,A74,2,A93,A101,4,A121,43,A143,A153,1,A173,1,A192,A201
A13,6,A32,A42,851,A64,A75,1,A93,A101,2,A121,34,A143,A152,1,A173,1,A191,A201
A13,6,A32,A49,2416,A62,A74,3,A93,A103,3,A121,48,A143,A152,1,A173,2,A192,A201
A13,6,A32,A43,1370,A63,A73,1,A93,A101,3,A121,32,A143,A152,1,A173,1,A192,A201
A13,18,A32,A42,823,A62,A74,2,A93,A101,2,A121,56,A143,A152,1,A174,2,A191,A201
A11,60,A30,A40,16195,A61,A72,4,A91,A101,3,A124,18,A141,A152,3,A171,1,A191,A201
A13,6,A32,A40,667,A62,A74,3,A93,A101,4,A121,35,A143,A152,1,A174,1,A191,A201
A13,18,A32,A42,2458,A64,A75,2,A93,A101,4,A121,32,A143,A152,1,A173,2,A192,A201
A13,6,A32,A43,366,A63,A74,1,A92,A101,2,A121,34,A143,A152,1,A174,1,A191,A201
A13,24,A32,A43,2712,A63,A73,2,A93,A101,3,A121,38,A143,A152,1,A174,1,A192,A201
A13,6,A32,A40,2168,A64,A75,2,A93,A101,3,A121,53,A143,A152,1,A174,1,A192,A201
A11,60,A30,A40,9564,A61,A73,3,A92,A101,1,A123,20,A142,A151,2,A172,1,A191,A202
A14,36,A32,A40,14808,A61,A72,4,A91,A101,2,A123,31,A141,A151,4,A171,1,A192,A202
A12,12,A32,A49,408,A62,A73,2,A93,A101,4,A121,56,A143,A152,1,A173,1,A192,A201
A12,6,A32,A40,2388,A62,A74,2,A92,A103,4,A121,63,A143,A152,2,A174,1,A192,A201
A12,48,A33,A40,11032,A61,A72,4,A93,A103,2,A123,20,A141,A151,4,A173,1,A191,A201
A13,6,A32,A46,2460,A64,A73,1,A92,A101,4,A121,30,A143,A152,1,A174,1,A192,A201
A12,18,A32,A46,2344,A63,A74,2,A93,A101,3,A122,45,A142,A152,1,A174,1,A191,A201
A12,6,A32,A42,1003,A62,A74,1,A93,A101,3,A121,33,A143,A152,1,A174,1,A191,A201
A11,48,A33,A46,5324,A61,A72,4,A93,A102,1,A123,25,A141,A151,3,A171,2,A192,A202
A14,36,A30,A40,13223,A61,A73,4,A93,A101,1,A124,22,A142,A151,3,A171,2,A191,A202
A13,18,A32,A42,2575,A62,A73,2,A93,A101,2,A122,44,A143,A152,1,A174,1,A192,A201
A12,12,A32,A40,1032,A63,A74,1,A93,A101,4,A121,50,A143,A152,2,A174,2,A192,A201
A13,12,A31,A40,2841,A62,A73,2,A93,A101,4,A121,63,A143,A152,1,A174,2,A192,A201
A13,12,A32,A46,2084,A62,A73,1,A92,A101,2,A122,33,A143,A152,1,A173,1,A192,A201
A11,48,A33,A46,6845,A61,A71,4,A93,A101,1,A123,32,A142,A152,3,A172,2,A191,A202
A12,6,A32,A40,2015,A64,A74,3,A93,A101,4,A122,51,A142,A152,2,A173,1,A192,A201
A13,24,A34,A46,2603,A62,A75,2,A93,A101,4,A121,51,A143,A152,1,A173,2,A192,A201
A14,60,A30,A46,16163,A61,A72,4,A92,A102,2,A124,22,A143,A151,2,A172,1,A191,A201
A11,72,A34,A49,8251,A61,A72,4,A93,A101,1,A124,23,A142,A151,4,A172,2,A191,A201
A12,18,A32,A49,2632,A64,A73,1,A93,A101,4,A122,32,A143,A152,2,A174,1,A192,A201
A11,72,A33,A49,17606,A61,A72,4,A93,A101,1,A124,34,A141,A151,2,A172,1,A191,A202
A13,30,A34,A42,754,A62,A73,2,A93,A101,4,A122,63,A143,A153,1,A174,2,A191,A201
A13,6,A31,A49,1135,A64,A73,2,A93,A101,3,A122,46,A143,A152,1,A174,1,A191,A201
A13,6,A31,A40,1608,A64,A75,1,A93,A101,3,A121,59,A143,A152,2,A174,1,A192,A201
A12,18,A32,A46,2530,A63,A73,1,A93,A101,2,A121,39,A143,A153,2,A173,1,A192,A201
A12,30,A32,A46,2358,A62,A74,2,A92,A101,2,A121,49,A143,A152,2,A174,1,A191,A201
A13,30,A32,A43,1480,A62,A74,2,A93,A101,4,A121,36,A143,A152,1,A174,1,A192,A201
A12,6,A31,A43,2600,A62,A75,2,A92,A101,4,A121,45,A143,A152,1,A174,1,A191,A201
A14,36,A34,A49,15147,A61,A72,4,A92,A102,2,A124,28,A141,A151,3,A173,2,A191,A201
A13,18,A32,A42,2100,A63,A75,1,A92,A101,4,A122,53,A143,A152,2,A173,2,A192,A201
A13,12,A32,A43,797,A64,A73,2,A93,A101,2,A121,42,A143,A152,2,A173,1,A192,A201
A13,12,A32,A43,1909,A64,A75,1,A93,A101,3,A121,61,A143,A152,2,A174,1,A192,A201
A14,48,A34,A40,15385,A65,A73,4,A91,A101,2,A123,33,A143,A151,3,A172,1,A191,A201
A14,48,A32,A40,6351,A61,A71,4,A93,A102,2,A123,29,A143,A151,3,A172,2,A191,A201
A12,36,A34,A49,14189,A61,A73,4,A92,A101,1,A123,26,A141,A152,4,A172,1,A191,A202
A12,12,A32,A42,932,A64,A74,2,A92,A101,3,A121,39,A143,A152,2,A173,1,A192,A201
A14,60,A34,A40,9182,A61,A73,4,A92,A101,2,A124,33,A142,A151,3,A173,1,A191,A202
A14,48,A30,A46,10654,A61,A71,4,A92,A102,1,A124,25,A143,A151,3,A172,2,A191,A201
A12,12,A32,A40,2276,A62,A75,2,A93,A101,2,A121,34,A143,A152,1,A174,1,A192,A201
A12,24,A32,A40,312,A62,A74,2,A93,A101,2,A121,31,A143,A152,1,A174,1,A192,A201
A12,12,A32,A42,1395,A63,A73,1,A93,A101,4,A121,43,A143,A152,1,A173,1,A192,A201
A13,18,A31,A46,2997,A64,A74,2,A93,A101,3,A121,32,A143,A153,2,A174,1,A191,A201
A13,6,A31,A43,2689,A62,A75,2,A93,A101,4,A121,58,A143,A153,1,A173,1,A192,A201
A12,6,A32,A43,2127,A62,A74,1,A92,A101,4,A121,45,A143,A152,1,A173,2,A192,A201
A11,72,A32,A42,10501,A61,A71,4,A92,A101,1,A124,19,A143,A152,4,A172,2,A191,A202
A13,12,A32,A43,2866,A63,A73,2,A93,A101,2,A121,44,A142,A152,1,A174,2,A191,A201
A11,60,A34,A40,14877,A61,A71,4,A93,A101,1,A124,29,A143,A151,4,A173,1,A191,A202
A13,12,A32,A40,1855,A62,A75,1,A93,A101,4,A122,32,A143,A152,1,A174,1,A191,A201
A12,18,A31,A43,2246,A63,A74,3,A93,A101,2,A121,47,A143,A152,2,A173,1,A192,A201
A14,48,A34,A40,5741,A61,A71,3,A91,A102,2,A123,25,A143,A151,2,A173,2,A191,A202
A12,6,A32,A43,1688,A64,A75,2,A93,A101,3,A121,51,A143,A152,1,A174,1,A192,A201
A11,36,A33,A40,15913,A61,A72,3,A93,A103,3,A124,31,A142,A151,4,A172,1,A191,A201
A11,72,A32,A40,15560,A61,A71,4,A92,A103,1,A124,20,A142,A151,4,A172,2,A191,A201
A13,24,A32,A46,432,A64,A73,1,A93,A101,2,A121,57,A143,A152,1,A173,2,A192,A201
A14,60,A32,A46,11384,A61,A71,4,A92,A103,1,A123,29,A141,A151,3,A171,2,A191,A202
A12,18,A32,A42,2504,A64,A73,1,A92,A101,3,A121,60,A143,A152,1,A174,1,A191,A201
A14,60,A33,A42,17557,A65,A72,4,A92,A102,2,A124,27,A142,A151,3,A173,1,A191,A201
A13,24,A32,A40,2444,A64,A74,2,A93,A101,3,A122,39,A143,A152,1,A173,1,A191,A201
A13,12,A32,A43,1202,A63,A74,1,A93,A101,3,A121,39,A142,A152,1,A174,2,A192,A201
A11,48,A34,A40,16226,A61,A71,4,A93,A101,3,A124,22,A142,A152,4,A171,1,A191,A201
A12,24,A32,A40,1258,A63,A74,2,A92,A101,4,A121,47,A143,A152,1,A173,1,A192,A201
A12,24,A32,A43,2054,A64,A74,2,A93,A103,2,A121,64,A143,A152,1,A173,2,A192,A201
A13,6,A32,A43,1519,A64,A74,1,A92,A101,4,A122,47,A143,A152,2,A173,1,A192,A201
A11,60,A34,A40,16845,A61,A73,4,A93,A101,3,A124,28,A143,A151,2,A171,1,A191,A202
A12,12,A32,A42,1542,A63,A75,2,A92,A101,2,A121,54,A143,A153,1,A173,1,A191,A201
A12,18,A32,A43,351,A64,A73,2,A93,A101,2,A121,55,A142,A152,1,A173,1,A192,A201
A13,12,A32,A43,1672,A63,A75,2,A93,A101,3,A121,51,A143,A152,1,A174,1,A192,A201
A13,30,A31,A46,1691,A63,A73,2,A92,A103,4,A121,34,A143,A152,1,A174,1,A192,A201
A13,6,A32,A43,1609,A64,A75,1,A93,A101,4,A121,56,A143,A152,1,A174,2,A192,A201
A12,18,A32,A43,501,A62,A75,1,A93,A101,2,A121,41,A142,A152,1,A174,2,A192,A201
A13,24,A32,A42,1129,A64,A75,1,A93,A101,4,A121,44,A143,A152,2,A174,1,A191,A201
A13,6,A32,A43,2801,A62,A73,1,A93,A101,3,A121,47,A143,A152,2,A173,1,A192,A201
A13,24,A32,A40,2767,A62,A73,1,A92,A101,3,A122,58,A143,A152,1,A173,1,A191,A201
A13,30,A32,A43,551,A63,A74,1,A93,A103,3,A122,40,A143,A152,2,A174,1,A192,A201
A13,18,A32,A40,2539,A64,A73,2,A93,A101,4,A122,33,A143,A152,1,A174,1,A191,A201
A12,12,A32,A43,1126,A64,A73,2,A93,A101,4,A122,53,A143,A152,1,A174,1,A192,A201
A13,18,A32,A43,647,A62,A73,2,A93,A103,3,A121,54,A143,A153,1,A174,1,A191,A201
A12,6,A32,A43,2123,A64,A74,2,A93,A101,3,A121,46,A143,A152,1,A174,1,A192,A201
A12,12,A32,A46,1820,A64,A74,1,A92,A101,2,A121,60,A143,A152,2,A174,1,A192,A201
A13,6,A32,A40,742,A64,A73,2,A93,A101,3,A122,61,A143,A153,2,A174,1,A192,A201
A14,72,A30,A46,14626,A61,A72,4,A93,A102,3,A124,26,A141,A152,2,A171,2,A192,A202
A11,36,A34,A40,16389,A61,A71,4,A93,A102,1,A124,22,A142,A151,3,A171,2,A192,A202
A12,12,A31,A46,1858,A64,A75,1,A93,A101,4,A121,54,A142,A153,1,A173,1,A191,A201
A13,18,A34,A43,645,A64,A73,2,A93,A101,2,A121,64,A143,A152,1,A173,1,A192,A201
A12,18,A31,A40,2061,A64,A74,3,A93,A101,2,A121,30,A143,A152,2,A173,1,A192,A201
A11,60,A30,A42,17299,A65,A71,3,A93,A101,3,A123,22,A142,A151,3,A173,2,A192,A201
A14,60,A33,A49,5769,A61,A71,4,A93,A103,1,A124,25,A141,A151,3,A172,2,A192,A202
A11,72,A34,A46,13973,A61,A72,4,A92,A102,1,A123,32,A143,A151,4,A171,1,A191,A202
A13,6,A32,A42,1607,A63,A75,2,A93,A101,2,A121,51,A143,A152,1,A174,1,A191,A201
A14,48,A34,A46,7270,A61,A72,4,A92,A101,1,A124,25,A143,A151,4,A171,1,A191,A202
A14,48,A33,A46,5526,A61,A72,3,A93,A101,1,A123,28,A143,A151,3,A171,2,A191,A201
A14,72,A33,A40,17966,A61,A71,4,A91,A102,3,A124,33,A143,A151,3,A172,1,A192,A202
A11,36,A33,A49,9518,A65,A73,3,A93,A102,1,A124,31,A143,A151,4,A172,1,A191,A202
A13,6,A31,A42,734,A62,A75,2,A93,A101,4,A122,34,A143,A152,1,A173,1,A192,A201
A12,36,A34,A46,17994,A61,A71,4,A93,A102,1,A124,20,A141,A151,3,A171,2,A192,A202
A12,18,A34,A40,1205,A62,A73,2,A92,A101,3,A122,36,A143,A152,1,A173,1,A192,A201
A13,6,A31,A43,935,A62,A74,2,A93,A101,2,A121,51,A143,A152,1,A174,1,A192,A201
A14,48,A33,A49,5976,A61,A72,4,A92,A101,3,A124,29,A143,A151,3,A173,2,A191,A201
A12,6,A32,A40,2629,A64,A75,1,A92,A103,4,A121,47,A143,A153,2,A173,1,A192,A201
A13,6,A32,A40,813,A64,A75,2,A92,A101,3,A121,40,A143,A152,2,A173,1,A192,A201
A13,24,A32,A43,365,A62,A74,2,A92,A101,4,A121,64,A143,A152,2,A173,2,A192,A201
A13,6,A32,A40,429,A62,A73,2,A92,A103,3,A121,44,A143,A152,1,A173,1,A192,A201
A13,12,A31,A43,2508,A62,A73,2,A93,A101,2,A121,36,A143,A152,1,A174,2,A191,A201
A12,30,A32,A40,1785,A63,A74,1,A93,A101,3,A121,60,A143,A152,1,A173,1,A191,A201
A12,18,A34,A43,777,A63,A75,1,A93,A101,2,A122,60,A143,A152,1,A174,1,A192,A201
A14,48,A34,A40,16341,A65,A72,4,A93,A101,2,A123,22,A141,A151,3,A173,2,A191,A202
A11,72,A32,A40,8608,A65,A73,4,A92,A101,3,A124,30,A143,A151,2,A171,2,A192,A202
A12,18,A31,A42,1856,A63,A73,1,A93,A101,3,A121,60,A143,A152,1,A173,2,A191,A201
A14,48,A30,A49,9821,A61,A71,3,A92,A101,1,A123,23,A141,A151,4,A173,1,A191,A201
A13,6,A32,A46,1209,A62,A73,2,A92,A101,3,A122,31,A143,A152,2,A173,1,A191,A201
A12,30,A32,A43,2752,A64,A73,1,A93,A103,4,A121,43,A143,A152,1,A173,2,A191,A201
A13,12,A32,A43,2508,A62,A75,2,A93,A101,3,A121,43,A143,A152,1,A173,1,A192,A201
A12,18,A32,A40,847,A63,A74,2,A93,A101,4,A121,39,A143,A152,1,A173,2,A192,A201
A13,12,A31,A40,2658,A64,A74,2,A92,A101,4,A122,33,A143,A152,1,A174,2,A192,A201
A13,6,A32,A43,539,A64,A75,1,A93,A101,4,A121,40,A143,A152,1,A173,1,A192,A201
A11,48,A33,A46,15521,A61,A71,3,A91,A101,1,A123,24,A143,A151,4,A172,1,A191,A201
A11,60,A33,A42,16407,A65,A72,4,A93,A101,2,A124,26,A141,A152,2,A171,1,A191,A202
A14,60,A33,A46,15235,A61,A73,4,A93,A102,3,A124,23,A142,A151,3,A173,2,A192,A201
A13,12,A32,A40,2411,A62,A73,1,A93,A101,3,A122,41,A143,A152,2,A174,2,A191,A201
A12,24,A31,A43,529,A62,A73,2,A93,A101,3,A121,52,A143,A152,2,A173,1,A192,A201
A12,12,A32,A43,782,A64,A73,2,A92,A101,4,A121,37,A143,A152,1,A174,2,A192,A201
A14,60,A34,A49,17356,A61,A71,3,A93,A103,1,A124,32,A141,A151,4,A172,1,A191,A202
A12,18,A32,A43,1545,A63,A73,2,A93,A101,4,A121,52,A143,A152,1,A173,1,A192,A201
A11,36,A33,A42,11963,A65,A72,4,A91,A102,1,A124,26,A142,A151,4,A172,2,A191,A201
A11,60,A33,A40,5016,A65,A73,3,A92,A101,2,A124,20,A142,A151,4,A171,1,A191,A201
A11,48,A30,A49,7746,A61,A72,4,A93,A103,1,A124,20,A143,A151,2,A173,2,A191,A201
A12,48,A34,A42,12286,A61,A72,4,A91,A103,2,A124,25,A141,A151,3,A172,2,A191,A201
A13,18,A34,A46,2382,A64,A74,3,A93,A101,2,A121,55,A142,A153,1,A174,1,A191,A201
A13,18,A31,A43,670,A63,A74,2,A92,A101,2,A122,56,A143,A152,1,A173,2,A191,A201
A13,24,A32,A43,610,A62,A73,2,A93,A101,3,A121,55,A143,A152,1,A174,1,A191,A201
A13,12,A32,A42,1193,A62,A75,2,A93,A101,3,A121,32,A142,A153,1,A174,1,A192,A201
A13,18,A34,A49,2258,A62,A75,1,A93,A101,3,A121,42,A143,A152,1,A173,1,A192,A201
A13,6,A31,A43,1872,A63,A73,1,A93,A101,4,A121,61,A143,A152,2,A173,1,A192,A201
A12,12,A32,A40,1825,A63,A73,2,A93,A101,2,A121,41,A143,A152,1,A173,2,A191,A201
A12,12,A32,A40,1307,A64,A74,3,A92,A101,3,A121,56,A143,A152,2,A174,1,A192,A201
A13,12,A32,A43,1451,A63,A74,1,A93,A101,4,A122,61,A143,A152,1,A173,1,A192,A201
A12,18,A31,A42,2779,A64,A75,3,A93,A101,3,A122,58,A143,A152,2,A174,2,A191,A201
A13,12,A32,A43,1534,A62,A75,3,A92,A101,3,A122,38,A143,A152,2,A173,1,A191,A201
A12,18,A32,A42,1923,A64,A75,2,A92,A101,3,A121,50,A143,A152,1,A174,1,A191,A201
A11,60,A30,A40,14311,A65,A71,4,A91,A101,2,A124,32,A143,A151,4,A171,1,A191,A202
A13,6,A32,A43,773,A62,A73,3,A93,A101,2,A121,55,A143,A152,1,A173,1,A192,A201
A13,18,A32,A43,1372,A63,A73,2,A93,A101,2,A121,38,A143,A152,2,A173,1,A192,A201
A13,6,A32,A46,998,A62,A74,2,A93,A101,2,A121,32,A143,A153,2,A173,1,A191,A201
A12,24,A32,A43,1329,A62,A75,2,A92,A101,2,A122,59,A143,A152,1,A173,1,A191,A201
A12,48,A30,A49,6518,A61,A71,4,A93,A103,1,A123,18,A141,A151,2,A173,2,A191,A202
A11,60,A34,A49,8893,A61,A73,4,A91,A102,1,A124,20,A143,A151,3,A173,2,A191,A202
A14,72,A34,A49,17335,A61,A71,4,A91,A101,3,A124,19,A143,A152,2,A173,2,A191,A201
A12,18,A31,A43,2541,A63,A74,2,A93,A101,4,A122,52,A143,A152,2,A174,1,A192,A201
A13,6,A32,A43,422,A63,A74,2,A93,A101,4,A121,62,A143,A152,1,A173,1,A191,A201
A14,48,A34,A42,6283,A61,A72,4,A91,A102,1,A124,34,A141,A151,3,A171,1,A191,A202
A12,24,A32,A40,596,A63,A74,2,A93,A101,4,A121,30,A143,A152,1,A174,1,A192,A201
A14,72,A33,A42,16153,A61,A73,4,A92,A101,1,A124,26,A142,A151,2,A172,2,A191,A202
A11,48,A30,A46,13744,A61,A71,4,A93,A102,2,A124,28,A143,A151,4,A171,2,A191,A201
A11,48,A34,A40,5887,A61,A73,4,A92,A102,3,A124,20,A143,A151,3,A173,1,A191,A201
A13,6,A32,A40,2686,A63,A73,2,A92,A101,2,A121,46,A143,A153,1,A174,1,A192,A201
A13,12,A32,A40,2074,A62,A73,1,A92,A101,3,A121,55,A143,A152,1,A174,2,A191,A201
A11,36,A32,A49,6631,A61,A73,3,A92,A101,1,A124,26,A142,A151,4,A171,1,A191,A202
A13,24,A32,A42,2437,A62,A75,2,A93,A101,4,A121,58,A142,A152,1,A173,1,A192,A201
A13,12,A32,A43,2690,A63,A73,2,A93,A101,4,A121,53,A143,A152,1,A173,1,A192,A201
A11,72,A34,A42,14980,A61,A72,4,A93,A101,1,A124,21,A141,A151,4,A173,2,A191,A202
A13,12,A32,A43,569,A64,A75,2,A93,A101,2,A121,32,A143,A152,2,A173,1,A191,A201
A11,48,A34,A46,10970,A65,A72,4,A91,A102,2,A123,26,A141,A152,4,A172,2,A192,A201
A13,12,A32,A43,1497,A64,A74,2,A92,A101,2,A121,45,A143,A152,1,A173,1,A191,A201
A13,24,A32,A43,1773,A63,A74,2,A93,A101,2,A121,44,A143,A152,1,A174,1,A191,A201
A11,48,A34,A42,11959,A61,A73,4,A93,A101,1,A124,20,A141,A152,2,A173,2,A191,A201
A14,36,A34,A40,8255,A61,A73,4,A92,A103,2,A124,21,A143,A151,3,A172,1,A192,A201
A12,12,A31,A43,1508,A63,A74,2,A92,A103,2,A121,30,A143,A152,1,A173,1,A191,A201
A12,18,A31,A42,894,A63,A73,2,A93,A101,3,A122,52,A143,A152,2,A174,1,A191,A201
A13,12,A32,A40,2575,A63,A75,1,A93,A101,3,A121,64,A143,A152,2,A173,1,A192,A201
A13,6,A32,A40,2461,A64,A73,1,A93,A101,2,A122,63,A143,A152,1,A174,1,A191,A201
A13,12,A32,A40,1198,A63,A73,2,A93,A101,4,A121,59,A143,A152,1,A173,1,A192,A201
A11,48,A30,A42,11390,A61,A71,4,A93,A101,1,A124,23,A142,A151,3,A171,2,A191,A201
A14,72,A30,A40,17255,A61,A71,4,A93,A101,2,A123,23,A143,A151,4,A172,2,A192,A201
A13,12,A32,A49,860,A64,A75,1,A93,A101,2,A121,48,A143,A153,1,A174,1,A192,A201
A13,24,A32,A43,977,A63,A75,2,A93,A101,2,A122,53,A143,A153,2,A173,2,A192,A201
A12,6,A32,A40,2194,A64,A74,2,A93,A101,4,A121,43,A143,A152,2,A173,1,A192,A201
A13,18,A32,A42,2341,A64,A74,1,A93,A101,4,A121,51,A143,A152,1,A173,1,A191,A201
A12,6,A32,A43,1664,A64,A73,2,A93,A103,2,A121,43,A143,A152,2,A174,1,A191,A201
A12,6,A32,A43,1318,A62,A75,2,A92,A101,3,A121,57,A143,A152,1,A174,2,A192,A201
A11,48,A33,A40,14706,A65,A72,4,A93,A103,1,A124,23,A141,A152,3,A172,1,A192,A202
A14,48,A34,A49,8169,A61,A72,4,A93,A101,3,A124,21,A143,A151,2,A171,2,A191,A202
A12,6,A31,A40,1917,A62,A74,3,A93,A101,2,A121,41,A143,A152,1,A173,1,A192,A201
A12,12,A32,A42,2996,A62,A74,1,A93,A101,2,A121,34,A143,A153,1,A173,1,A191,A201
A14,48,A34,A40,13273,A61,A71,3,A92,A102,1,A123,33,A141,A152,2,A173,1,A191,A202
A12,12,A31,A43,891,A62,A73,2,A92,A101,3,A121,59,A143,A152,1,A174,1,A192,A201
A11,48,A33,A40,16922,A61,A71,4,A92,A101,3,A124,20,A141,A151,3,A171,2,A191,A202
A12,12,A32,A42,1300,A62,A73,3,A92,A103,2,A121,47,A143,A152,1,A174,2,A192,A201
A12,48,A32,A42,12033,A61,A71,4,A91,A103,1,A124,19,A143,A151,4,A172,1,A191,A201
A12,6,A32,A40,1404,A63,A74,1,A92,A101,3,A121,40,A142,A152,1,A174,1,A191,A201
A12,6,A32,A43,2010,A62,A75,1,A93,A103,3,A122,33,A143,A152,1,A173,1,A192,A201
A12,6,A31,A43,1978,A63,A73,1,A93,A101,4,A122,45,A143,A152,1,A174,2,A192,A201
A12,6,A32,A42,1123,A62,A75,1,A93,A101,2,A121,42,A143,A152,1,A174,1,A192,A201
A13,24,A32,A40,1124,A62,A74,2,A92,A101,2,A121,44,A143,A152,1,A174,2,A192,A201
A13,12,A32,A42,2846,A64,A75,2,A92,A103,3,A121,41,A142,A152,1,A174,1,A191,A201
A12,24,A32,A43,1276,A62,A73,1,A93,A101,2,A122,62,A143,A152,1,A173,1,A191,A201
A12,6,A32,A49,2923,A62,A73,2,A93,A101,3,A122,37,A143,A152,1,A173,1,A191,A201
A14,60,A34,A42,10754,A61,A71,4,A92,A102,1,A124,30,A142,A151,3,A172,1,A192,A202
A12,18,A32,A49,2975,A63,A73,2,A93,A101,4,A122,45,A142,A152,1,A173,1,A191,A201
A13,6,A32,A40,2921,A62,A75,3,A92,A101,2,A122,59,A143,A152,2,A173,2,A192,A201
A12,12,A32,A43,2082,A62,A74,2,A93,A103,3,A121,50,A143,A153,1,A173,1,A192,A201
A12,18,A32,A46,2916,A63,A73,1,A93,A101,3,A122,62,A143,A152,1,A174,1,A192,A201
A12,6,A32,A42,2927,A63,A74,2,A92,A101,3,A121,64,A143,A152,2,A174,1,A191,A201
A11,60,A30,A40,12310,A61,A73,4,A92,A102,1,A124,33,A141,A151,4,A173,2,A191,A202
A12,12,A32,A46,1455,A63,A74,3,A93,A101,4,A121,60,A143,A152,1,A173,1,A191,A201
A11,60,A34,A40,11116,A61,A71,4,A91,A103,2,A124,20,A143,A151,3,A172,2,A192,A202
A13,18,A32,A43,1482,A64,A73,2,A92,A101,2,A121,46,A143,A152,1,A173,2,A191,A201
A13,24,A32,A46,1451,A62,A73,2,A92,A101,2,A121,46,A143,A153,1,A173,2,A191,A201
A13,24,A32,A46,1467,A63,A74,2,A92,A103,3,A122,60,A143,A152,1,A174,1,A191,A201
A14,36,A34,A40,17960,A61,A73,4,A92,A102,3,A123,32,A141,A151,4,A172,2,A191,A201
A12,24,A32,A42,1070,A62,A74,2,A93,A103,2,A122,60,A143,A152,1,A174,1,A191,A201
A12,12,A32,A46,2275,A64,A73,1,A92,A101,2,A121,51,A143,A152,1,A173,2,A192,A201
A13,18,A32,A42,1295,A63,A74,3,A92,A101,4,A121,62,A142,A152,1,A174,1,A191,A201
A11,48,A34,A46,8469,A65,A71,4,A93,A101,1,A124,24,A141,A151,4,A171,2,A191,A201
A12,6,A32,A43,1174,A62,A74,2,A92,A103,3,A121,49,A143,A152,1,A173,1,A192,A201
A13,18,A32,A43,518,A63,A75,2,A93,A101,2,A121,41,A143,A152,1,A174,1,A192,A201
A11,36,A33,A49,7654,A65,A72,4,A93,A101,1,A123,34,A141,A151,4,A171,2,A192,A201
A13,12,A32,A49,2350,A63,A73,1,A93,A101,3,A121,49,A143,A152,1,A174,1,A191,A201
A12,72,A34,A46,13956,A65,A71,4,A93,A103,1,A124,21,A143,A151,2,A171,1,A192,A201
A13,24,A32,A46,757,A63,A75,2,A93,A101,3,A121,35,A143,A152,1,A173,1,A192,A201
A13,6,A31,A40,2855,A62,A75,2,A93,A101,2,A121,59,A143,A152,1,A174,2,A191,A201
A12,60,A33,A40,15203,A65,A71,3,A91,A101,3,A124,25,A142,A152,3,A171,2,A191,A202
A13,18,A32,A43,2941,A63,A75,2,A93,A101,2,A121,45,A143,A152,1,A174,1,A192,A201
A13,30,A32,A46,1652,A62,A75,2,A93,A101,3,A122,61,A143,A152,1,A174,1,A192,A201
A14,36,A32,A49,10508,A61,A73,3,A92,A101,1,A123,23,A143,A151,4,A171,1,A192,A202
A13,30,A32,A40,1873,A63,A74,1,A93,A101,4,A122,34,A142,A152,2,A174,1,A192,A201
A12,6,A31,A40,2861,A62,A75,2,A93,A101,3,A121,46,A143,A152,2,A173,2,A191,A201
A12,12,A32,A42,2545,A63,A74,2,A93,A101,2,A121,45,A143,A152,1,A174,1,A191,A201
A13,12,A32,A40,2973,A64,A74,3,A93,A103,2,A121,30,A143,A152,2,A173,1,A192,A201
A13,12,A32,A43,2376,A63,A74,2,A93,A103,4,A121,62,A142,A153,1,A174,1,A191,A201
A12,30,A32,A40,2976,A62,A73,2,A93,A101,3,A122,42,A142,A152,2,A173,1,A192,A201
A11,36,A33,A42,10040,A65,A72,4,A93,A101,1,A124,31,A141,A151,4,A173,2,A191,A202
A12,24,A32,A42,1047,A63,A74,2,A93,A101,4,A122,42,A143,A152,2,A173,1,A192,A201
A11,60,A32,A46,10936,A61,A73,4,A93,A103,3,A124,21,A143,A151,3,A173,1,A191,A201
A13,6,A32,A43,2057,A63,A75,1,A93,A101,2,A121,41,A143,A152,2,A173,1,A191,A201
A13,18,A32,A42,2359,A64,A75,1,A93,A101,4,A121,30,A143,A152,1,A174,1,A191,A201
A13,12,A32,A42,1832,A64,A75,2,A93,A101,4,A121,44,A143,A152,1,A174,1,A191,A201
A13,6,A32,A43,580,A63,A75,1,A92,A101,4,A121,51,A143,A152,1,A174,1,A191,A201
A12,12,A32,A42,1964,A64,A75,2,A93,A103,4,A121,58,A142,A152,1,A174,1,A192,A201
A14,48,A33,A40,16468,A61,A72,3,A92,A101,3,A123,31,A142,A152,4,A172,1,A192,A201
A11,60,A34,A40,12359,A61,A71,4,A92,A101,1,A124,24,A143,A152,4,A171,2,A192,A202
A12,18,A32,A49,949,A64,A74,3,A93,A101,2,A121,57,A143,A152,2,A174,1,A192,A201
A13,12,A32,A42,2075,A64,A73,2,A93,A101,2,A121,46,A143,A152,2,A173,1,A192,A201
A14,72,A33,A40,14771,A65,A73,4,A91,A103,1,A124,32,A141,A151,3,A173,2,A192,A201
A13,12,A32,A49,1022,A62,A73,1,A92,A101,2,A122,46,A143,A152,1,A173,1,A192,A201
A13,6,A32,A40,2996,A64,A74,3,A93,A101,4,A122,56,A142,A152,1,A173,1,A191,A201
A13,12,A32,A40,2569,A63,A74,1,A93,A101,2,A121,41,A143,A152,1,A173,1,A192,A201
A11,36,A33,A46,6054,A65,A72,4,A91,A102,1,A123,26,A141,A151,3,A172,2,A192,A202
A13,24,A32,A42,736,A63,A73,1,A92,A101,2,A121,61,A143,A153,1,A173,1,A192,A201
A13,30,A34,A43,2562,A63,A74,2,A92,A101,3,A121,48,A142,A152,1,A174,1,A191,A201
A13,12,A32,A42,1828,A62,A75,2,A93,A103,2,A121,40,A143,A152,1,A173,1,A192,A201
A13,18,A32,A42,1461,A62,A75,3,A92,A101,2,A122,40,A143,A153,1,A173,1,A192,A201
A11,48,A34,A40,5124,A65,A72,4,A93,A102,3,A123,18,A142,A151,4,A171,2,A191,A201
A11,72,A34,A46,17017,A61,A73,4,A91,A101,2,A124,22,A141,A151,3,A173,1,A191,A202
A14,60,A34,A46,11741,A65,A72,4,A92,A102,1,A124,26,A142,A151,2,A171,2,A191,A202
A11,36,A32,A46,7536,A61,A72,4,A91,A101,1,A123,18,A143,A151,3,A172,1,A192,A201
A13,6,A32,A43,1412,A62,A73,1,A93,A101,4,A121,59,A143,A152,2,A174,1,A191,A201
A11,48,A32,A49,15033,A65,A72,4,A91,A101,2,A123,24,A142,A151,3,A172,2,A191,A201
A11,36,A34,A46,8312,A61,A71,4,A92,A102,1,A124,24,A143,A151,3,A172,1,A191,A202
A11,48,A33,A46,6514,A61,A72,3,A93,A102,1,A124,34,A142,A152,4,A171,2,A192,A202
A13,12,A32,A43,470,A63,A75,2,A92,A101,3,A121,42,A143,A153,1,A174,1,A192,A201
A11,36,A33,A49,13029,A65,A72,4,A92,A102,2,A124,33,A141,A152,3,A173,2,A191,A201
A13,12,A32,A46,520,A62,A73,2,A93,A101,4,A121,52,A143,A152,1,A173,1,A191,A201
A11,36,A33,A40,9834,A61,A72,4,A93,A101,1,A123,34,A141,A151,3,A172,2,A191,A202
A13,6,A32,A40,1594,A62,A75,2,A93,A101,3,A121,44,A143,A152,1,A174,1,A192,A201
A11,72,A34,A42,15065,A61,A72,3,A92,A103,3,A123,24,A141,A151,2,A172,2,A191,A202
A13,24,A32,A49,613,A62,A75,1,A93,A101,2,A121,48,A143,A152,1,A173,1,A191,A201
A11,36,A34,A49,7016,A61,A72,4,A91,A101,2,A123,19,A142,A151,2,A173,1,A191,A202
A14,48,A33,A42,17250,A61,A73,4,A91,A102,1,A124,33,A141,A151,3,A172,2,A191,A202
A12,48,A34,A40,8190,A61,A73,3,A91,A101,1,A124,22,A141,A151,4,A171,2,A191,A201
A12,6,A32,A42,607,A62,A75,2,A93,A101,3,A121,58,A143,A152,1,A173,1,A192,A201
A14,36,A32,A42,17214,A61,A73,4,A92,A101,2,A123,23,A142,A151,2,A171,1,A192,A201
A13,18,A32,A43,1625,A64,A74,2,A93,A101,4,A121,51,A143,A152,2,A173,1,A191,A201
A13,6,A32,A43,779,A62,A75,1,A93,A101,2,A121,46,A143,A152,1,A173,1,A192,A201
A12,12,A34,A43,1214,A63,A75,1,A92,A101,4,A121,62,A143,A152,1,A173,1,A192,A201
A11,72,A32,A42,11122,A61,A72,4,A93,A102,3,A123,18,A142,A152,3,A172,1,A191,A201
A11,48,A33,A42,9507,A61,A71,3,A92,A101,1,A124,33,A141,A151,3,A172,2,A191,A202
A13,6,A32,A46,389,A62,A75,2,A93,A101,3,A121,48,A142,A152,1,A174,1,A192,A201
A13,18,A32,A43,2545,A64,A75,3,A93,A101,2,A121,51,A143,A152,2,A174,1,A192,A201
A13,6,A32,A40,2963,A63,A75,2,A93,A101,3,A121,35,A143,A152,2,A173,2,A192,A201
A13,24,A32,A43,732,A64,A73,3,A93,A101,2,A121,51,A143,A152,2,A174,1,A192,A201
A12,6,A32,A40,2504,A63,A73,1,A93,A101,3,A121,60,A143,A152,1,A174,2,A192,A201
A13,30,A32,A43,394,A64,A74,2,A93,A101,3,A121,40,A143,A152,1,A173,1,A192,A201
A14,48,A32,A46,10462,A65,A71,4,A91,A102,2,A124,19,A142,A151,3,A172,2,A191,A201
A11,48,A33,A42,5987,A61,A72,4,A92,A101,1,A123,28,A142,A151,2,A172,2,A192,A202
A11,72,A32,A40,10516,A61,A72,4,A93,A103,1,A124,27,A141,A151,4,A173,2,A191,A201
A12,12,A31,A46,310,A64,A74,1,A92,A101,3,A122,59,A143,A152,1,A174,1,A191,A201
A13,12,A32,A42,2096,A62,A75,2,A92,A101,4,A121,37,A143,A152,1,A173,1,A191,A201
A13,24,A31,A43,1324,A63,A75,2,A92,A101,2,A122,39,A143,A152,1,A174,2,A191,A201
A14,48,A30,A46,15375,A61,A72,4,A93,A102,1,A124,21,A143,A151,2,A171,2,A191,A201
A14,48,A34,A40,16567,A65,A73,3,A91,A101,2,A124,22,A142,A151,4,A172,1,A191,A201
A13,12,A32,A46,980,A63,A74,2,A92,A103,2,A121,64,A143,A152,1,A174,1,A192,A201
A11,48,A30,A40,6463,A61,A72,4,A93,A101,1,A124,18,A143,A151,2,A171,2,A191,A202
A13,18,A31,A40,638,A64,A73,2,A93,A101,4,A121,61,A143,A152,2,A174,2,A192,A201
A13,6,A32,A49,926,A62,A74,2,A92,A101,3,A121,57,A143,A152,2,A174,1,A192,A201
A12,6,A32,A46,1500,A63,A73,2,A93,A101,3,A121,37,A143,A152,1,A174,1,A191,A201
A14,48,A33,A49,15688,A65,A72,3,A93,A102,2,A124,20,A141,A151,4,A171,1,A191,A201
A14,60,A34,A40,10084,A61,A73,4,A92,A101,3,A124,26,A142,A151,3,A171,1,A191,A202
A11,36,A33,A49,5691,A61,A72,4,A91,A102,1,A124,30,A142,A151,3,A172,1,A191,A201
A11,72,A34,A46,7313,A65,A72,4,A92,A103,1,A123,29,A142,A151,2,A171,2,A192,A202
A12,12,A31,A46,1970,A64,A74,2,A92,A101,3,A121,40,A143,A152,2,A174,1,A192,A201
A13,6,A32,A43,1096,A64,A75,2,A93,A101,2,A121,58,A142,A152,1,A173,1,A191,A201
A12,24,A32,A40,439,A62,A74,2,A93,A101,2,A122,62,A143,A153,2,A173,1,A191,A201
A14,72,A32,A49,13223,A61,A72,4,A92,A102,1,A123,33,A141,A151,3,A172,1,A191,A201
A12,6,A31,A49,1137,A62,A74,2,A92,A103,2,A121,32,A143,A153,1,A174,1,A192,A201
A12,6,A32,A46,1211,A62,A73,2,A93,A101,4,A121,45,A143,A152,1,A173,2,A192,A201
A14,48,A30,A46,11113,A61,A71,3,A93,A102,3,A123,27,A141,A152,4,A173,1,A191,A201
A13,12,A32,A40,1934,A62,A75,2,A92,A101,2,A121,53,A143,A152,1,A173,1,A191,A201
A13,6,A32,A42,625,A64,A75,2,A92,A101,3,A121,31,A143,A152,1,A173,1,A191,A201
A13,24,A32,A40,988,A63,A74,2,A93,A101,4,A121,52,A143,A152,1,A173,1,A192,A201
A13,24,A32,A43,1570,A63,A75,1,A92,A101,4,A121,63,A143,A153,2,A173,1,A192,A201
A13,12,A32,A40,1096,A63,A74,2,A93,A101,4,A122,59,A143,A152,2,A173,1,A192,A201
A12,12,A32,A40,1210,A63,A75,2,A93,A101,4,A122,46,A143,A152,1,A174,1,A192,A201
A13,24,A32,A40,1914,A62,A74,2,A93,A101,2,A122,54,A143,A152,2,A173,2,A192,A201
A12,18,A32,A42,1299,A63,A75,2,A92,A101,3,A121,33,A143,A152,2,A173,1,A192,A201
A12,12,A32,A46,1044,A63,A74,2,A93,A101,3,A121,53,A143,A152,1,A174,1,A191,A201
A13,18,A32,A42,1360,A64,A73,2,A93,A101,4,A122,58,A142,A152,1,A174,1,A192,A201
A13,24,A32,A40,1771,A63,A73,2,A93,A101,3,A122,41,A143,A152,2,A173,2,A192,A201
A13,12,A32,A46,1926,A62,A74,3,A92,A101,3,A121,49,A143,A152,2,A173,1,A192,A201
A12,12,A32,A40,2525,A63,A74,2,A93,A103,2,A121,31,A143,A152,1,A174,2,A192,A201
A13,24,A32,A42,310,A64,A73,1,A93,A103,4,A121,45,A143,A152,1,A174,1,A192,A201
A13,18,A32,A46,1488,A62,A73,2,A92,A101,2,A121,62,A143,A152,2,A174,1,A192,A201
A13,24,A34,A42,2856,A63,A75,2,A93,A101,3,A121,38,A143,A152,2,A174,1,A191,A201
A11,48,A30,A40,16360,A61,A72,4,A91,A101,2,A123,34,A143,A152,3,A173,2,A191,A201
A14,36,A34,A42,16620,A65,A72,4,A92,A101,3,A124,19,A141,A152,3,A173,1,A192,A202
A12,12,A31,A43,2172,A62,A74,1,A93,A101,2,A122,43,A143,A152,1,A173,2,A191,A201
A13,18,A31,A43,316,A64,A73,2,A93,A101,4,A121,49,A142,A152,1,A173,1,A192,A201
A12,12,A32,A42,2752,A62,A73,1,A93,A101,4,A122,41,A143,A152,1,A174,1,A192,A201
A14,36,A30,A49,5348,A65,A73,4,A93,A103,1,A124,21,A141,A151,2,A171,2,A191,A202
A13,12,A32,A40,974,A64,A74,3,A93,A101,4,A122,35,A143,A152,2,A173,1,A192,A201
A13,6,A32,A42,2504,A62,A75,1,A93,A101,2,A121,56,A143,A152,1,A174,1,A192,A201
A14,48,A33,A46,16335,A65,A71,4,A91,A101,2,A124,28,A143,A152,2,A171,2,A191,A201
A12,24,A32,A43,908,A63,A75,2,A93,A101,2,A122,37,A143,A152,1,A174,1,A191,A201
A13,12,A31,A42,2982,A63,A74,2,A92,A101,4,A121,43,A143,A153,1,A174,1,A191,A201
A13,24,A34,A42,1874,A64,A73,3,A92,A101,4,A122,58,A143,A152,1,A173,1,A192,A201
A12,60,A33,A42,8868,A65,A73,4,A92,A101,1,A123,20,A141,A151,2,A173,2,A192,A201
A13,6,A34,A43,1340,A63,A73,3,A93,A101,3,A121,59,A143,A152,1,A174,2,A191,A201
A13,6,A32,A40,1346,A62,A74,1,A93,A101,2,A122,54,A143,A152,1,A174,1,A192,A201
A14,72,A34,A42,10383,A61,A73,4,A92,A103,3,A124,18,A142,A151,2,A171,2,A191,A202
A13,12,A31,A42,2877,A64,A74,3,A93,A101,4,A122,50,A143,A152,1,A174,1,A191,A201
A12,6,A32,A46,2804,A64,A75,2,A93,A103,4,A121,33,A143,A152,1,A174,2,A192,A201
A13,12,A32,A46,516,A64,A74,1,A93,A101,4,A121,56,A143,A152,2,A174,2,A192,A201
A13,12,A32,A49,2188,A62,A73,1,A93,A101,3,A121,57,A143,A152,1,A173,2,A192,A201
A14,36,A34,A49,9986,A61,A72,4,A93,A101,1,A124,18,A141,A151,2,A173,1,A191,A202
A13,12,A32,A49,1320,A64,A74,2,A92,A101,4,A121,32,A143,A152,1,A174,1,A192,A201
A13,12,A32,A42,2266,A64,A73,2,A93,A101,3,A121,36,A143,A152,1,A173,1,A191,A201
A13,12,A32,A49,2068,A63,A74,1,A92,A101,2,A121,42,A143,A152,2,A173,1,A192,A201
A13,12,A32,A43,2355,A63,A74,2,A93,A101,3,A121,43,A143,A152,1,A174,1,A191,A201
A13,12,A32,A40,2831,A62,A74,1,A93,A101,4,A122,59,A143,A152,1,A174,1,A191,A201
A12,30,A32,A40,2216,A64,A75,2,A93,A101,3,A121,62,A143,A152,1,A173,2,A192,A201
A14,72,A32,A42,16473,A61,A73,3,A91,A103,3,A123,19,A143,A151,4,A171,2,A192,A202
A12,12,A32,A43,1505,A64,A74,1,A93,A101,2,A121,34,A142,A152,1,A174,1,A192,A201
A11,36,A32,A46,6213,A61,A71,4,A92,A101,1,A124,18,A143,A151,3,A171,1,A191,A202
A13,12,A31,A40,2706,A64,A73,2,A92,A103,4,A121,63,A143,A152,1,A174,1,A191,A201
A12,18,A31,A46,1862,A64,A74,2,A92,A103,2,A122,35,A143,A152,1,A174,1,A191,A201
A13,12,A32,A43,1222,A63,A74,2,A93,A101,3,A122,62,A143,A152,1,A174,1,A191,A201
A13,30,A34,A40,2172,A64,A73,1,A92,A101,4,A121,52,A143,A152,2,A173,1,A191,A201
A11,36,A32,A42,5079,A65,A72,4,A92,A102,1,A124,30,A142,A152,2,A173,2,A192,A202
A14,48,A32,A42,16508,A61,A71,4,A93,A101,1,A124,18,A141,A151,4,A173,2,A191,A202
A14,60,A34,A40,16443,A61,A71,4,A93,A102,1,A123,23,A142,A151,4,A172,2,A191,A202
A12,6,A32,A49,1761,A62,A74,1,A93,A101,2,A121,45,A143,A152,1,A174,2,A192,A201
A13,6,A34,A43,1308,A63,A73,2,A92,A101,2,A121,41,A143,A152,1,A174,1,A192,A201
A12,48,A32,A40,10638,A61,A73,4,A91,A103,2,A124,21,A141,A151,2,A171,2,A191,A202
A13,6,A32,A40,1520,A62,A74,1,A93,A101,2,A121,55,A143,A152,1,A173,1,A191,A201
A13,12,A32,A42,1440,A62,A74,2,A92,A101,3,A121,37,A143,A152,1,A173,1,A192,A201
A14,72,A30,A49,12067,A61,A73,4,A91,A101,2,A124,31,A141,A151,3,A173,1,A192,A202
A12,6,A32,A46,1857,A62,A73,2,A93,A101,4,A121,59,A143,A152,2,A174,1,A191,A201
A13,12,A32,A43,2696,A62,A75,1,A93,A103,4,A122,60,A143,A152,1,A173,1,A191,A201
A12,12,A31,A43,1298,A64,A75,2,A93,A101,4,A121,50,A143,A152,2,A173,1,A192,A201
A11,60,A34,A46,15625,A65,A72,4,A91,A101,1,A123,27,A142,A151,4,A171,1,A192,A202
A13,6,A32,A40,2261,A63,A75,3,A93,A101,4,A121,35,A143,A152,1,A174,1,A191,A201
A11,36,A32,A40,7329,A61,A73,4,A92,A101,2,A124,24,A141,A151,3,A172,2,A191,A201
A12,48,A33,A46,6944,A61,A72,4,A92,A102,1,A124,21,A141,A151,4,A171,1,A191,A201
A12,6,A32,A43,2002,A63,A74,3,A93,A101,4,A121,43,A143,A152,2,A173,2,A192,A201
A13,30,A32,A40,2766,A63,A74,2,A93,A101,2,A121,42,A142,A152,1,A173,1,A192,A201
A13,18,A34,A42,1541,A63,A75,2,A93,A101,4,A121,34,A143,A152,1,A173,1,A192,A201
A13,12,A32,A40,1910,A62,A75,2,A92,A101,2,A121,31,A143,A152,1,A174,1,A192,A201
A12,6,A32,A43,2905,A64,A75,2,A93,A101,4,A121,35,A143,A152,2,A174,2,A192,A201
A13,24,A32,A49,1542,A64,A73,1,A93,A101,2,A121,58,A143,A152,1,A173,1,A191,A201
A13,18,A32,A40,2923,A62,A73,1,A92,A101,3,A122,33,A143,A152,2,A174,1,A192,A201
A12,24,A32,A49,1665,A62,A74,3,A93,A103,4,A121,32,A143,A152,2,A173,1,A191,A201
A13,18,A32,A42,1267,A64,A74,2,A92,A101,4,A122,33,A143,A152,1,A174,1,A191,A201
A14,48,A30,A46,5359,A61,A72,3,A93,A102,1,A123,20,A141,A151,3,A173,2,A191,A202
A12,18,A32,A43,528,A64,A75,1,A92,A101,3,A121,53,A143,A152,1,A174,1,A192,A201
A13,6,A32,A43,336,A63,A75,2,A93,A101,3,A121,51,A143,A153,1,A173,1,A192,A201
A13,18,A31,A40,2112,A64,A74,2,A93,A101,4,A121,63,A143,A152,1,A173,2,A192,A201
A13,24,A32,A40,1730,A64,A73,2,A93,A101,4,A121,63,A143,A152,1,A173,1,A192,A201
A13,12,A34,A40,2704,A62,A74,3,A93,A101,3,A122,58,A143,A152,1,A174,2,A191,A201
A13,6,A32,A42,689,A62,A73,2,A92,A101,2,A121,42,A143,A152,1,A173,2,A192,A201
A12,36,A30,A40,7369,A61,A72,4,A92,A101,2,A124,20,A142,A151,4,A173,2,A191,A201
A13,6,A32,A40,386,A62,A73,3,A93,A101,2,A121,33,A143,A152,2,A173,1,A192,A201
A13,6,A32,A42,1231,A63,A73,1,A92,A101,4,A121,54,A143,A152,1,A174,2,A191,A201
A11,36,A32,A49,11324,A61,A73,4,A92,A101,1,A123,28,A142,A151,2,A171,1,A191,A201
A14,36,A34,A40,8917,A61,A72,4,A92,A101,1,A124,27,A142,A151,2,A171,1,A191,A201
A12,24,A32,A43,1976,A63,A75,1,A92,A103,3,A121,30,A143,A152,2,A174,1,A192,A201
A13,12,A31,A43,2624,A62,A73,1,A93,A101,2,A122,30,A143,A152,1,A174,1,A191,A201
A12,24,A32,A43,2907,A64,A74,2,A92,A101,4,A121,62,A143,A152,1,A173,1,A192,A201
A13,12,A32,A40,908,A64,A74,2,A92,A101,2,A121,34,A143,A152,1,A173,1,A192,A201
A13,18,A31,A42,2484,A64,A73,1,A93,A101,4,A121,48,A143,A152,2,A174,1,A192,A201
A13,12,A32,A46,1477,A62,A75,2,A92,A103,2,A121,34,A143,A152,1,A174,1,A192,A201
A14,48,A34,A42,7146,A61,A71,3,A93,A102,1,A124,30,A143,A152,2,A171,2,A192,A201
A13,12,A32,A43,697,A63,A75,3,A92,A101,4,A122,59,A143,A152,2,A173,1,A191,A201
A12,24,A32,A40,408,A62,A75,2,A93,A101,4,A121,41,A143,A152,1,A174,1,A192,A201
A12,18,A31,A43,1344,A63,A73,2,A93,A101,2,A122,44,A143,A152,2,A174,1,A192,A201
A11,72,A32,A40,17828,A61,A73,3,A91,A103,2,A124,22,A142,A151,3,A171,1,A192,A201
A12,18,A32,A42,1537,A62,A75,2,A93,A101,2,A122,48,A143,A152,2,A173,1,A191,A201
A13,30,A31,A43,923,A64,A74,3,A93,A101,2,A121,54,A143,A153,1,A174,1,A192,A201
A13,6,A32,A42,1773,A62,A73,1,A92,A101,3,A121,35,A143,A152,1,A173,1,A192,A201
A13,6,A34,A43,2694,A64,A74,2,A93,A103,2,A121,63,A143,A152,2,A173,2,A192,A201
A11,60,A34,A42,6304,A61,A72,4,A93,A102,1,A124,29,A142,A151,4,A173,2,A191,A201
A13,6,A32,A46,1908,A63,A74,2,A92,A101,2,A121,48,A143,A152,1,A174,1,A192,A201
A12,60,A33,A42,7635,A61,A71,4,A92,A102,3,A124,32,A142,A151,3,A171,1,A191,A202
A12,18,A31,A43,1973,A63,A73,2,A93,A101,4,A121,37,A143,A152,1,A173,1,A191,A201
A14,36,A34,A49,10772,A65,A72,4,A92,A101,2,A123,34,A141,A151,2,A171,2,A191,A201
A13,24,A34,A43,2764,A63,A73,1,A92,A101,4,A122,41,A143,A152,2,A174,1,A192,A201
A11,72,A32,A49,15142,A65,A71,4,A93,A101,2,A123,25,A143,A152,4,A172,1,A191,A201
A14,48,A34,A46,14033,A61,A71,4,A91,A103,2,A123,31,A141,A151,2,A172,1,A191,A201
A11,48,A32,A42,7635,A61,A72,4,A92,A103,2,A124,23,A143,A152,3,A172,2,A192,A202
A13,6,A31,A40,2946,A63,A74,2,A93,A101,4,A122,39,A143,A152,2,A173,1,A192,A201
A13,18,A32,A40,534,A63,A74,1,A93,A101,4,A121,30,A142,A152,1,A174,1,A192,A201
A13,12,A32,A43,1518,A64,A73,2,A93,A101,4,A122,37,A143,A152,1,A173,1,A191,A201
A13,18,A32,A43,1802,A64,A74,2,A92,A101,3,A121,47,A143,A152,1,A174,1,A192,A201
A11,48,A30,A42,11895,A61,A73,4,A93,A101,2,A124,26,A143,A152,4,A172,2,A191,A202
A12,6,A32,A43,2208,A63,A74,2,A92,A101,4,A121,49,A143,A152,2,A174,2,A192,A201
A13,6,A32,A46,2873,A62,A73,2,A93,A101,4,A122,34,A143,A152,1,A174,1,A191,A201
A14,48,A34,A40,15037,A61,A72,4,A93,A103,1,A124,28,A141,A151,2,A172,2,A191,A202
A12,12,A32,A43,957,A62,A73,3,A92,A101,3,A121,38,A143,A152,1,A174,1,A191,A201
A14,60,A33,A49,14485,A61,A72,3,A92,A101,2,A124,21,A141,A152,4,A171,1,A191,A202
A11,36,A33,A40,17057,A61,A71,4,A93,A101,1,A124,22,A142,A151,4,A171,2,A191,A201
A13,12,A32,A40,730,A63,A75,3,A93,A101,4,A121,43,A143,A152,1,A174,2,A191,A201
A12,24,A31,A43,988,A62,A73,1,A93,A101,4,A121,53,A143,A152,1,A174,1,A192,A201
A11,72,A30,A46,17416,A61,A72,3,A92,A102,1,A123,30,A143,A151,4,A171,2,A192,A201
A11,60,A30,A46,16920,A65,A71,4,A92,A101,1,A124,26,A143,A151,3,A173,1,A192,A202
A13,12,A32,A42,1527,A62,A74,2,A93,A103,2,A122,34,A143,A152,1,A173,1,A191,A201
A11,60,A32,A42,6550,A61,A72,4,A92,A102,1,A124,28,A143,A151,3,A172,2,A191,A202
A13,18,A32,A40,643,A62,A75,1,A93,A103,4,A121,60,A143,A152,1,A174,1,A191,A201
A14,48,A33,A49,7462,A61,A72,4,A93,A102,1,A124,30,A141,A151,3,A172,2,A192,A202
A12,12,A32,A43,373,A63,A74,2,A93,A101,4,A121,33,A143,A152,2,A174,1,A192,A201
A11,48,A34,A40,16820,A61,A71,4,A92,A101,1,A123,28,A142,A152,3,A171,1,A192,A202
A11,48,A33,A49,7710,A61,A72,4,A93,A101,1,A124,30,A141,A152,3,A173,2,A191,A202
A11,60,A33,A46,7379,A65,A71,3,A92,A101,1,A124,29,A142,A151,2,A171,2,A191,A201
A14,36,A30,A42,12791,A61,A73,3,A93,A103,2,A124,28,A141,A151,4,A172,1,A191,A201
A11,60,A33,A49,8806,A61,A71,4,A93,A103,2,A124,27,A143,A151,3,A171,1,A191,A201
A12,6,A32,A43,2564,A62,A75,2,A92,A101,3,A121,59,A143,A152,1,A173,1,A191,A201
A13,18,A32,A42,2536,A62,A74,2,A93,A101,3,A121,58,A142,A152,1,A173,1,A192,A201
A13,6,A32,A43,1011,A62,A73,2,A93,A101,2,A121,43,A143,A152,2,A174,1,A191,A201
A13,6,A32,A49,1123,A64,A75,2,A92,A101,4,A121,61,A143,A152,1,A174,1,A192,A201
A12,36,A33,A49,14521,A65,A71,3,A91,A102,3,A124,18,A141,A151,2,A172,2,A191,A201
A14,48,A30,A49,11609,A61,A71,3,A93,A101,2,A123,22,A142,A151,4,A171,1,A191,A202
A13,12,A31,A42,985,A64,A73,2,A93,A103,4,A122,36,A143,A152,1,A174,1,A192,A201
A13,6,A32,A46,2300,A63,A73,1,A93,A101,3,A121,52,A143,A152,1,A173,1,A191,A201
A14,36,A34,A40,7148,A61,A71,4,A92,A101,1,A124,30,A141,A151,2,A171,1,A191,A202
A12,12,A32,A42,2342,A62,A75,2,A93,A101,4,A121,36,A143,A152,2,A173,1,A192,A201
A12,6,A32,A43,1761,A62,A74,2,A93,A101,2,A121,45,A143,A152,2,A174,2,A192,A201
A13,6,A32,A43,1368,A63,A75,2,A92,A101,2,A121,46,A143,A152,2,A174,1,A191,A201
A13,6,A32,A40,2210,A62,A73,2,A93,A101,2,A121,31,A143,A152,1,A174,1,A191,A201
A12,6,A32,A43,1154,A64,A73,2,A93,A101,3,A121,36,A143,A152,1,A174,1,A191,A201
A13,12,A32,A49,546,A62,A74,2,A92,A101,4,A121,61,A143,A152,1,A174,1,A192,A201
A14,48,A33,A49,11080,A61,A71,4,A93,A102,1,A124,27,A141,A151,3,A172,1,A191,A201
A13,12,A32,A40,471,A64,A75,1,A92,A101,4,A121,33,A143,A152,1,A174,1,A192,A201
A12,48,A33,A46,5072,A61,A72,4,A91,A102,2,A123,33,A141,A151,4,A173,2,A192,A201
A13,12,A32,A46,2509,A63,A74,2,A92,A101,2,A122,33,A143,A152,1,A174,2,A192,A201
A12,60,A33,A46,16406,A61,A73,4,A91,A102,1,A123,21,A143,A151,2,A172,2,A192,A201
A11,36,A32,A49,9212,A61,A71,4,A93,A101,1,A124,27,A143,A151,4,A172,2,A191,A201
A11,48,A33,A40,7887,A61,A73,4,A91,A103,3,A124,32,A141,A152,2,A173,1,A192,A202
A14,48,A34,A46,13741,A61,A73,4,A92,A101,3,A123,24,A141,A152,2,A173,2,A191,A202
A12,6,A32,A43,725,A64,A74,2,A93,A101,2,A121,33,A143,A152,2,A173,1,A191,A201
A13,12,A32,A46,1525,A63,A75,2,A93,A101,4,A121,63,A143,A152,2,A174,1,A191,A201
A12,6,A32,A46,1256,A62,A73,1,A92,A101,3,A121,56,A143,A152,1,A174,1,A191,A201
A13,12,A32,A49,1058,A62,A75,2,A93,A101,2,A121,48,A143,A152,1,A173,2,A192,A201
A11,72,A34,A42,17767,A61,A71,4,A93,A102,1,A123,29,A141,A151,3,A171,1,A192,A202
A13,6,A32,A43,1465,A64,A73,2,A93,A101,2,A121,43,A143,A152,1,A174,1,A192,A201
A13,30,A32,A42,2224,A63,A74,2,A92,A101,3,A121,56,A143,A152,1,A174,1,A191,A201
A11,60,A30,A49,11526,A61,A73,4,A92,A102,1,A124,26,A142,A151,2,A173,2,A191,A202
A12,6,A32,A46,683,A62,A74,2,A92,A101,4,A121,42,A143,A152,2,A174,2,A191,A201
A11,72,A33,A49,11928,A61,A71,4,A93,A103,1,A124,22,A141,A152,3,A171,2,A191,A202
A12,12,A32,A42,1640,A64,A73,2,A93,A103,4,A121,33,A143,A152,1,A173,1,A191,A201
A12,6,A32,A43,2504,A64,A75,2,A92,A101,3,A121,42,A142,A152,2,A173,2,A191,A201
A12,12,A32,A40,1424,A64,A74,1,A93,A101,3,A121,40,A143,A152,2,A173,1,A192,A201
A13,6,A32,A46,2248,A64,A74,1,A92,A101,2,A121,59,A143,A152,2,A173,1,A192,A201
A14,48,A33,A42,17227,A65,A73,4,A93,A101,1,A124,33,A143,A151,4,A171,2,A191,A201
A14,36,A34,A40,17424,A65,A72,4,A91,A101,2,A124,34,A141,A151,2,A173,2,A191,A202
A13,12,A32,A43,941,A62,A73,2,A93,A101,4,A122,58,A143,A152,1,A173,1,A192,A201
A13,30,A31,A43,2252,A62,A75,3,A92,A101,3,A121,63,A142,A152,1,A173,1,A192,A201
A12,18,A32,A43,1898,A63,A74,2,A93,A101,4,A121,55,A143,A152,1,A173,1,A192,A201
A14,48,A33,A49,7384,A61,A72,4,A93,A101,1,A124,30,A143,A152,3,A171,2,A192,A202
A14,48,A34,A42,10692,A61,A73,4,A93,A101,3,A124,32,A141,A152,4,A171,1,A191,A201
A13,18,A32,A43,2188,A64,A75,2,A93,A101,3,A121,37,A143,A152,2,A174,1,A191,A201
A13,18,A32,A46,747,A63,A73,1,A93,A101,4,A122,64,A143,A152,2,A174,2,A191,A201
A12,12,A32,A40,1611,A63,A74,1,A93,A101,4,A121,35,A143,A152,2,A174,2,A191,A201
A13,30,A32,A43,2264,A64,A74,2,A93,A101,3,A121,44,A143,A152,1,A174,1,A192,A201
A13,18,A32,A42,1510,A63,A73,1,A92,A101,2,A121,38,A142,A152,1,A173,1,A192,A201
A12,12,A31,A43,964,A62,A74,2,A92,A101,4,A121,37,A143,A152,1,A173,1,A192,A201
A14,36,A33,A46,12173,A61,A72,4,A91,A103,1,A124,32,A141,A151,2,A171,1,A191,A201
A14,48,A30,A49,12164,A61,A73,4,A91,A101,3,A124,34,A142,A151,2,A173,2,A191,A201
A13,6,A32,A40,1349,A64,A75,2,A93,A101,3,A121,37,A143,A152,1,A173,1,A192,A201
A13,24,A31,A42,1849,A64,A73,1,A93,A101,2,A122,39,A142,A152,1,A173,1,A192,A201
A14,36,A34,A49,17392,A61,A71,4,A91,A102,1,A124,33,A142,A151,4,A173,1,A191,A202
A13,12,A32,A43,878,A64,A74,2,A93,A101,4,A121,55,A143,A153,1,A174,1,A192,A201
A11,48,A34,A49,15678,A61,A73,4,A93,A102,1,A124,27,A141,A152,3,A173,1,A191,A201
A12,6,A32,A40,2480,A62,A75,3,A93,A101,3,A122,36,A143,A152,1,A173,1,A192,A201
A11,60,A33,A42,8392,A61,A72,4,A93,A102,3,A123,25,A142,A151,3,A171,1,A191,A201
A12,18,A32,A42,928,A63,A73,2,A93,A101,4,A122,58,A142,A152,1,A173,1,A192,A201
A14,36,A32,A40,6805,A65,A73,4,A93,A101,3,A124,20,A141,A151,4,A173,1,A191,A202
A12,12,A32,A43,2624,A62,A73,1,A93,A101,3,A121,32,A143,A152,1,A173,1,A192,A201
A13,30,A32,A43,2961,A64,A73,1,A93,A101,3,A121,48,A142,A152,1,A173,1,A192,A201
A13,12,A34,A43,1419,A62,A75,2,A92,A103,4,A122,46,A143,A152,1,A174,2,A191,A201
A14,48,A33,A42,6860,A61,A73,3,A93,A101,1,A124,22,A142,A151,2,A171,2,A191,A202
A11,60,A34,A40,9217,A61,A73,4,A93,A102,2,A124,31,A143,A151,3,A173,2,A191,A202
A12,12,A32,A43,1715,A64,A75,1,A93,A101,2,A122,31,A143,A152,2,A173,1,A191,A201
A11,48,A33,A49,13594,A65,A71,4,A93,A101,1,A124,28,A141,A151,4,A171,2,A191,A202
A14,36,A30,A40,12686,A61,A72,4,A92,A101,2,A123,33,A141,A152,3,A171,2,A191,A201
A13,12,A31,A42,1254,A63,A74,1,A93,A101,4,A121,52,A143,A153,2,A174,1,A192,A201
A13,12,A32,A43,1997,A62,A74,1,A92,A101,4,A121,60,A143,A152,2,A173,1,A192,A201
A14,60,A30,A40,14127,A61,A72,4,A91,A102,2,A124,30,A141,A152,4,A172,1,A191,A202
A12,12,A31,A46,1308,A64,A74,2,A93,A101,2,A121,33,A143,A152,1,A173,1,A192,A201
A11,48,A34,A40,16855,A65,A71,3,A91,A103,2,A124,31,A143,A151,2,A171,1,A191,A202
A11,60,A33,A40,8938,A61,A72,4,A92,A101,1,A124,28,A143,A151,2,A173,1,A191,A201
A12,18,A32,A43,1573,A62,A75,2,A92,A101,4,A121,49,A143,A152,1,A173,1,A192,A201
A13,6,A32,A43,2840,A62,A73,2,A92,A101,4,A122,60,A143,A152,2,A174,2,A192,A201
A13,18,A32,A43,1045,A64,A74,1,A93,A101,4,A121,36,A143,A152,1,A173,1,A192,A201
A14,60,A30,A40,7605,A61,A72,4,A92,A101,2,A124,23,A143,A151,3,A172,2,A192,A202
A13,12,A32,A40,1291,A62,A75,1,A93,A101,3,A121,48,A143,A152,1,A173,2,A192,A201
A13,6,A32,A49,328,A63,A75,2,A92,A101,3,A122,51,A143,A153,1,A174,1,A192,A201
A12,18,A31,A42,1892,A64,A74,1,A93,A101,4,A122,50,A143,A152,1,A174,1,A192,A201
A11,48,A33,A42,7533,A61,A71,4,A92,A102,2,A124,34,A141,A151,2,A172,2,A191,A202
A12,18,A31,A42,2390,A64,A75,2,A92,A103,2,A121,52,A143,A152,1,A174,1,A192,A201
A14,48,A34,A49,5602,A65,A72,4,A92,A103,1,A124,18,A142,A151,4,A172,1,A192,A201
A13,18,A32,A42,2835,A64,A73,1,A92,A101,3,A121,63,A143,A153,2,A174,1,A191,A201
A11,72,A33,A40,15351,A61,A71,4,A91,A101,1,A123,31,A141,A151,3,A172,2,A191,A202
A11,48,A30,A49,10303,A61,A72,4,A93,A103,3,A124,22,A143,A151,2,A171,2,A192,A201
A11,48,A33,A49,13491,A61,A73,4,A92,A103,1,A124,28,A143,A152,3,A172,2,A191,A202
A12,18,A31,A42,1696,A64,A74,1,A92,A101,4,A121,61,A143,A152,2,A174,1,A191,A201
A13,18,A32,A42,903,A64,A74,3,A92,A101,4,A121,49,A142,A153,1,A173,2,A192,A201
A12,12,A32,A43,2030,A63,A75,2,A93,A101,4,A121,54,A143,A152,1,A173,1,A192,A201
A12,18,A32,A42,2079,A63,A74,3,A92,A101,2,A122,34,A143,A152,2,A174,2,A192,A201
A12,12,A32,A40,751,A63,A75,2,A93,A101,2,A121,33,A143,A152,1,A174,1,A191,A201
A12,12,A31,A42,453,A64,A73,1,A92,A101,2,A121,60,A143,A152,1,A174,2,A191,A201
A11,60,A30,A49,11042,A61,A71,4,A91,A101,1,A123,31,A142,A152,3,A173,1,A191,A202
A12,18,A32,A40,2027,A62,A75,2,A92,A101,4,A121,51,A143,A152,2,A174,1,A192,A201
A12,24,A31,A42,1026,A64,A75,2,A92,A101,4,A121,44,A143,A153,1,A173,1,A192,A201
A12,48,A30,A42,14917,A65,A71,4,A92,A101,2,A123,22,A141,A151,4,A173,2,A192,A202
A12,12,A31,A40,865,A63,A73,2,A93,A101,2,A121,44,A143,A152,1,A174,1,A192,A201
A14,36,A34,A49,6585,A61,A72,4,A91,A101,1,A123,32,A143,A151,3,A171,2,A192,A202
A11,36,A33,A49,15303,A61,A72,4,A91,A103,1,A123,25,A142,A151,2,A171,2,A191,A201
A14,48,A34,A46,6594,A61,A71,3,A91,A102,3,A123,31,A141,A151,3,A172,1,A191,A202
A12,60,A34,A40,9918,A65,A71,4,A93,A103,2,A124,29,A142,A151,3,A172,2,A192,A202
A13,18,A32,A43,2988,A64,A73,2,A92,A101,4,A121,46,A143,A152,1,A174,1,A192,A201
A12,18,A32,A43,2747,A63,A75,3,A92,A101,4,A121,64,A143,A152,1,A173,1,A191,A201
A13,18,A32,A42,1114,A62,A75,1,A93,A101,2,A121,35,A143,A152,1,A173,2,A191,A201
A13,30,A32,A40,1521,A64,A75,2,A92,A101,4,A122,47,A142,A152,1,A173,1,A191,A201
A11,36,A32,A40,12456,A61,A71,4,A92,A103,3,A123,27,A142,A152,2,A172,2,A191,A202
A13,18,A32,A43,2464,A63,A74,2,A92,A101,2,A121,39,A143,A152,2,A173,1,A192,A201
A13,6,A32,A40,2966,A64,A74,2,A93,A101,2,A122,38,A143,A152,1,A173,1,A192,A201
A11,60,A34,A49,10004,A61,A72,4,A92,A103,3,A124,27,A142,A151,2,A171,2,A191,A202
A13,18,A31,A40,679,A63,A74,1,A93,A101,2,A121,61,A143,A153,2,A174,2,A191,A201
A13,6,A32,A46,839,A62,A74,2,A93,A103,2,A121,56,A143,A152,1,A173,1,A192,A201
A12,24,A32,A49,716,A63,A73,1,A92,A101,2,A121,38,A143,A152,1,A174,1,A191,A201
A12,12,A32,A40,494,A63,A74,1,A93,A101,2,A121,44,A143,A152,1,A174,1,A192,A201
A11,60,A30,A49,12199,A61,A72,4,A93,A101,1,A124,29,A142,A151,3,A172,2,A191,A201
A11,72,A33,A40,9032,A61,A73,4,A93,A102,1,A124,32,A142,A152,2,A172,2,A191,A202
A13,12,A32,A43,1844,A64,A73,2,A92,A101,3,A121,42,A143,A152,1,A174,2,A192,A201
A12,18,A32,A43,2007,A62,A74,2,A92,A103,4,A121,48,A142,A152,1,A174,1,A191,A201
A11,36,A30,A49,16655,A61,A71,3,A91,A101,1,A124,32,A143,A151,3,A173,2,A191,A202
A13,24,A32,A40,1089,A64,A73,2,A92,A101,4,A121,48,A143,A152,1,A173,1,A192,A201
A12,6,A32,A46,1443,A62,A74,2,A93,A101,4,A121,63,A143,A152,1,A174,1,A192,A201
A14,72,A34,A49,12625,A61,A72,3,A93,A101,1,A124,27,A141,A151,3,A171,1,A192,A202
A11,48,A30,A46,9742,A61,A73,3,A91,A101,2,A124,34,A142,A152,4,A171,2,A191,A202
A12,12,A31,A43,1973,A63,A74,2,A93,A101,3,A121,60,A142,A152,1,A174,2,A192,A201
A12,6,A32,A43,2863,A63,A74,2,A93,A101,2,A122,46,A143,A152,2,A174,1,A191,A201
A12,6,A32,A43,1420,A63,A75,2,A93,A101,3,A122,39,A143,A152,1,A173,1,A191,A201
A11,60,A34,A42,14675,A61,A73,4,A91,A101,1,A124,19,A142,A151,3,A172,1,A192,A201
A13,12,A32,A46,1864,A62,A74,2,A92,A101,4,A121,52,A143,A152,1,A173,2,A191,A201
A12,30,A31,A46,1564,A63,A75,2,A93,A101,3,A121,63,A143,A152,1,A173,1,A192,A201
A13,24,A34,A40,2675,A64,A73,3,A93,A101,4,A122,30,A143,A152,2,A173,1,A192,A201
A12,6,A32,A40,2956,A62,A74,2,A92,A101,4,A122,30,A143,A152,1,A174,1,A192,A201
A13,6,A32,A40,2019,A62,A75,1,A93,A101,3,A121,58,A143,A152,1,A174,2,A191,A201
A14,60,A33,A46,6175,A61,A71,3,A92,A101,1,A124,26,A141,A152,3,A173,1,A191,A202
A13,30,A32,A42,2793,A63,A73,2,A93,A101,2,A121,56,A142,A152,1,A174,1,A191,A201
A12,18,A32,A43,1329,A64,A73,1,A93,A103,3,A121,61,A143,A152,1,A174,1,A191,A201
A13,12,A32,A40,2101,A62,A75,3,A93,A101,4,A121,30,A143,A152,1,A174,2,A192,A201
A13,18,A32,A40,2379,A63,A74,1,A92,A101,4,A122,58,A143,A152,2,A174,1,A192,A201
A12,12,A32,A49,1198,A62,A73,2,A93,A101,2,A121,40,A143,A152,1,A174,1,A192,A201
A14,60,A32,A49,17030,A61,A72,4,A91,A101,1,A123,32,A141,A151,4,A171,2,A191,A202
A13,12,A31,A49,1053,A64,A75,1,A93,A101,4,A121,31,A143,A152,1,A173,1,A191,A201
A13,18,A32,A40,2261,A63,A75,1,A93,A101,4,A122,54,A143,A152,2,A174,1,A191,A201
A13,24,A32,A42,2373,A63,A74,2,A93,A101,4,A121,61,A143,A152,1,A174,1,A192,A201
A14,48,A32,A40,9430,A61,A71,4,A93,A102,1,A123,18,A141,A152,2,A171,1,A191,A201
A11,72,A34,A49,16275,A61,A73,4,A93,A103,1,A123,24,A143,A152,2,A171,1,A191,A202
A11,36,A30,A40,15422,A61,A72,4,A92,A102,2,A124,23,A142,A151,3,A173,1,A191,A202
A12,12,A32,A43,2611,A64,A73,2,A92,A101,2,A121,35,A143,A152,1,A173,1,A192,A201
A13,18,A34,A40,2539,A62,A74,1,A93,A101,2,A121,42,A143,A152,1,A173,1,A192,A201
A13,18,A34,A46,2941,A64,A74,2,A93,A101,3,A122,42,A143,A152,1,A173,2,A191,A201
A12,18,A32,A43,2225,A62,A73,1,A93,A101,4,A121,35,A143,A152,2,A173,1,A192,A201
A13,12,A32,A40,2806,A63,A74,2,A93,A101,4,A121,46,A143,A152,1,A173,1,A192,A201
A13,18,A32,A40,979,A63,A74,1,A93,A101,4,A121,58,A143,A152,2,A174,1,A191,A201
A13,24,A31,A43,763,A62,A74,2,A93,A101,4,A121,37,A143,A152,2,A173,1,A191,A201
A13,6,A32,A43,528,A64,A73,1,A93,A101,3,A121,43,A143,A152,2,A174,1,A192,A201
A13,6,A32,A43,2859,A63,A74,2,A92,A101,4,A122,34,A143,A152,1,A174,1,A192,A201
A13,6,A32,A49,2039,A62,A75,2,A92,A101,2,A122,40,A143,A153,2,A174,1,A192,A201
A14,48,A32,A40,13273,A61,A73,4,A91,A102,1,A124,32,A141,A151,4,A173,2,A191,A201
A11,36,A33,A42,14903,A65,A71,4,A93,A102,1,A124,32,A143,A151,3,A171,2,A191,A202
A12,18,A32,A46,2874,A62,A75,2,A93,A101,3,A121,60,A143,A152,1,A174,1,A191,A201
A13,6,A32,A43,2888,A63,A73,2,A92,A101,3,A122,50,A143,A152,1,A174,2,A192,A201
A12,18,A32,A40,1533,A64,A75,3,A93,A101,2,A121,57,A143,A152,1,A174,1,A192,A201
A14,36,A32,A42,17264,A61,A71,4,A92,A101,3,A123,31,A142,A151,3,A171,1,A191,A201
A13,12,A32,A40,2411,A64,A74,1,A93,A101,2,A121,57,A143,A153,2,A174,1,A192,A201
A14,48,A32,A40,7534,A61,A73,4,A93,A102,1,A124,27,A142,A151,4,A171,2,A191,A201
A11,72,A32,A42,10867,A61,A73,4,A93,A101,1,A123,34,A141,A151,2,A173,1,A191,A202
A11,60,A34,A46,15425,A61,A72,4,A92,A101,1,A124,21,A142,A151,2,A172,1,A191,A201
A12,12,A32,A43,664,A64,A75,2,A93,A101,3,A121,46,A143,A152,1,A173,1,A192,A201
A12,24,A32,A49,1586,A64,A73,2,A93,A101,4,A121,35,A143,A152,2,A174,1,A192,A201
A14,60,A34,A40,15453,A61,A71,3,A93,A102,2,A123,19,A143,A152,4,A171,2,A192,A202
A12,6,A34,A43,1294,A63,A74,2,A92,A101,3,A121,33,A142,A153,1,A173,1,A192,A201
A11,36,A33,A49,6789,A61,A72,4,A93,A101,1,A124,21,A142,A151,2,A173,2,A192,A202
A11,36,A30,A46,10281,A61,A73,4,A92,A101,1,A123,26,A141,A151,4,A172,1,A191,A201
A14,36,A30,A49,17824,A65,A72,4,A91,A103,2,A123,25,A141,A152,4,A172,2,A192,A201
A13,12,A32,A46,593,A64,A74,2,A92,A101,2,A122,52,A143,A152,2,A174,1,A192,A201
A14,36,A30,A49,16214,A61,A72,4,A93,A101,3,A123,26,A143,A152,2,A172,1,A191,A202
A13,12,A32,A40,2607,A62,A73,1,A92,A103,4,A122,43,A143,A152,1,A174,1,A192,A201
A13,18,A32,A42,1802,A63,A75,1,A93,A101,4,A122,47,A143,A153,1,A173,1,A191,A201
A14,48,A34,A40,13197,A61,A71,4,A92,A101,2,A124,23,A142,A151,3,A172,1,A192,A201
A13,12,A32,A42,2781,A64,A74,2,A92,A101,3,A121,44,A143,A152,1,A174,1,A191,A201
A13,30,A32,A40,2345,A64,A73,2,A93,A101,2,A121,45,A143,A153,2,A173,1,A192,A201
A14,48,A33,A42,8433,A61,A73,4,A93,A103,3,A124,19,A142,A152,2,A171,1,A191,A202
A13,6,A32,A40,1080,A64,A73,2,A93,A101,3,A121,47,A143,A152,1,A173,1,A192,A201
A13,6,A32,A42,2578,A63,A73,2,A93,A101,4,A121,59,A143,A152,2,A174,1,A191,A201
A13,30,A32,A49,1720,A64,A75,3,A93,A101,4,A122,55,A143,A152,1,A173,2,A192,A201
A12,6,A32,A43,2223,A62,A74,1,A92,A101,3,A121,56,A143,A153,2,A173,2,A192,A201
A13,24,A32,A49,850,A64,A74,3,A93,A101,4,A121,30,A143,A152,1,A174,1,A191,A201
A13,12,A31,A46,1647,A62,A73,3,A93,A103,3,A121,37,A143,A152,2,A173,1,A192,A201
A11,36,A30,A49,17079,A65,A72,4,A91,A101,3,A124,20,A141,A151,4,A173,2,A191,A201
A14,36,A34,A49,15056,A61,A72,3,A93,A103,1,A124,18,A142,A151,2,A172,2,A192,A201
A14,48,A34,A40,5480,A61,A73,4,A93,A102,2,A124,24,A142,A152,4,A171,1,A191,A201
A13,6,A32,A42,997,A62,A73,2,A92,A101,2,A121,49,A142,A152,1,A174,1,A192,A201
A12,18,A32,A43,2064,A63,A73,2,A93,A101,2,A121,54,A143,A152,1,A174,2,A192,A201
A13,18,A31,A40,2893,A63,A75,2,A93,A101,2,A121,35,A143,A152,2,A174,1,A192,A201
A13,12,A32,A49,555,A64,A75,2,A93,A103,3,A121,39,A143,A152,1,A173,2,A191,A201
A13,12,A32,A42,2831,A64,A75,3,A93,A101,2,A122,37,A143,A152,1,A174,1,A192,A201
A12,36,A34,A46,8772,A61,A73,3,A93,A101,2,A123,20,A142,A151,2,A173,2,A192,A202
A13,12,A34,A40,850,A62,A73,2,A93,A101,2,A122,31,A143,A152,2,A173,1,A192,A201
A11,36,A32,A49,6512,A61,A71,4,A93,A103,1,A123,25,A143,A151,2,A173,2,A191,A202
A13,24,A32,A43,2738,A64,A73,2,A93,A101,2,A121,39,A143,A153,1,A173,1,A192,A201
A11,48,A33,A40,17612,A61,A72,4,A93,A101,1,A124,34,A141,A151,3,A172,2,A191,A201
A14,36,A30,A42,9886,A61,A72,4,A91,A101,2,A124,31,A142,A151,4,A172,2,A191,A201
A11,60,A34,A49,9547,A61,A73,4,A93,A103,1,A124,26,A142,A151,2,A171,1,A191,A201
A12,12,A31,A40,1766,A64,A73,2,A93,A101,3,A121,58,A143,A152,1,A174,1,A192,A201
A12,36,A33,A42,5324,A61,A71,4,A93,A103,2,A123,20,A143,A151,4,A171,2,A191,A202
A11,36,A33,A42,17127,A61,A72,4,A92,A101,2,A123,31,A141,A151,3,A171,2,A191,A201
A12,12,A32,A42,2113,A62,A73,2,A93,A101,4,A121,52,A143,A152,1,A173,1,A192,A201
A13,6,A31,A43,1574,A64,A73,2,A93,A103,4,A121,54,A143,A152,1,A173,1,A192,A201
A13,24,A32,A43,1277,A62,A73,2,A92,A101,4,A121,45,A143,A152,1,A173,2,A191,A201
A12,12,A34,A42,1321,A62,A75,3,A92,A101,4,A121,46,A143,A152,2,A174,1,A192,A201
A11,48,A34,A49,10925,A65,A73,4,A93,A102,1,A123,26,A141,A152,2,A171,2,A192,A201
A11,36,A33,A42,7566,A61,A72,3,A93,A101,1,A124,21,A141,A151,2,A172,2,A191,A202
A14,48,A30,A46,8806,A65,A72,4,A93,A101,2,A123,22,A141,A151,4,A173,1,A192,A201
A11,48,A32,A40,16455,A65,A72,3,A91,A103,1,A124,23,A143,A151,3,A171,2,A191,A201
A13,12,A32,A43,1050,A63,A73,2,A93,A101,3,A121,53,A143,A153,2,A173,2,A191,A201
A12,60,A30,A40,15792,A61,A72,4,A92,A101,2,A123,26,A141,A151,2,A171,1,A191,A201
A12,30,A34,A40,710,A63,A74,2,A93,A103,4,A121,37,A143,A152,1,A174,1,A191,A201
A13,6,A32,A43,2930,A62,A73,2,A92,A103,3,A121,44,A143,A152,1,A173,1,A191,A201
A13,24,A32,A46,2982,A63,A74,2,A92,A101,4,A121,36,A143,A152,1,A174,1,A192,A201
A13,18,A32,A40,2949,A62,A74,3,A93,A103,3,A121,33,A143,A152,1,A174,1,A192,A201
A13,6,A32,A40,1109,A64,A73,1,A93,A101,4,A121,38,A143,A152,1,A174,1,A192,A201
A13,18,A31,A42,2095,A64,A74,2,A92,A103,2,A122,64,A143,A152,1,A173,1,A192,A201
A13,6,A32,A43,1845,A64,A74,2,A93,A101,4,A121,44,A143,A152,2,A174,1,A192,A201
A12,12,A32,A40,437,A62,A74,1,A93,A101,4,A121,39,A143,A152,1,A174,1,A192,A201
A13,12,A32,A43,2740,A64,A75,2,A93,A101,2,A121,61,A143,A152,1,A173,1,A192,A201
A11,36,A33,A49,8026,A61,A71,4,A91,A101,1,A123,18,A142,A151,4,A172,1,A191,A201
A11,48,A33,A40,10929,A65,A73,4,A93,A102,2,A123,25,A142,A151,3,A173,1,A192,A202
A14,48,A33,A42,13411,A61,A72,4,A92,A101,3,A123,30,A141,A151,4,A172,2,A191,A202
A11,36,A32,A42,7744,A61,A71,3,A93,A101,3,A124,23,A141,A151,3,A171,1,A191,A202
A11,60,A34,A42,11122,A61,A73,4,A92,A102,1,A123,34,A142,A152,3,A173,1,A191,A202
A12,12,A31,A46,2616,A64,A73,3,A92,A101,3,A121,31,A143,A152,1,A174,1,A192,A201
A14,72,A33,A40,9438,A65,A73,3,A91,A101,3,A124,24,A142,A151,3,A171,2,A191,A202
A12,18,A32,A46,1392,A63,A73,2,A92,A101,3,A121,58,A143,A152,1,A173,2,A192,A201
A13,24,A32,A42,2358,A63,A73,2,A93,A101,4,A121,36,A143,A152,1,A173,2,A192,A201
A14,60,A34,A42,16836,A61,A72,4,A92,A103,2,A124,24,A143,A151,3,A171,2,A192,A202
A12,18,A32,A43,1492,A62,A73,2,A93,A101,4,A121,30,A143,A152,1,A174,1,A192,A201
A12,24,A32,A49,772,A64,A75,2,A92,A101,3,A121,31,A143,A153,1,A174,2,A192,A201
A13,18,A34,A42,865,A64,A74,1,A93,A101,3,A122,44,A142,A152,1,A174,2,A191,A201
A13,12,A32,A49,2978,A64,A75,2,A93,A101,4,A121,58,A143,A152,1,A174,1,A192,A201
A11,36,A33,A42,11572,A61,A72,4,A93,A102,1,A124,31,A141,A152,3,A173,2,A191,A202
A12,6,A32,A40,1258,A64,A75,2,A93,A101,3,A121,51,A142,A152,2,A173,1,A191,A201
A12,60,A33,A46,12068,A61,A71,4,A92,A101,2,A123,34,A143,A151,4,A172,2,A192,A201
A12,12,A32,A42,871,A64,A75,1,A93,A103,2,A121,42,A143,A152,1,A173,1,A191,A201
A12,12,A31,A42,2417,A63,A75,2,A93,A101,2,A122,64,A143,A152,1,A173,1,A192,A201
A13,12,A32,A40,1289,A63,A75,2,A93,A101,4,A122,58,A142,A152,1,A173,1,A192,A201
A14,48,A30,A49,17761,A61,A73,4,A93,A101,1,A124,18,A142,A152,2,A173,1,A192,A202
A13,12,A32,A43,2226,A63,A74,1,A93,A101,2,A121,60,A143,A152,1,A173,2,A192,A201
A12,18,A32,A42,2823,A62,A75,2,A92,A101,3,A121,58,A142,A152,1,A173,1,A192,A201
A13,6,A32,A49,318,A64,A74,2,A93,A101,3,A121,53,A143,A152,1,A173,1,A191,A201
A12,18,A31,A40,2462,A63,A74,2,A93,A101,2,A121,55,A143,A153,2,A174,1,A191,A201
A13,12,A32,A46,1051,A64,A75,2,A93,A101,3,A121,46,A143,A152,1,A173,1,A192,A201
A13,18,A32,A40,721,A64,A75,2,A93,A101,2,A121,49,A143,A152,2,A174,1,A192,A201
A14,60,A34,A40,5600,A61,A72,4,A93,A103,3,A124,22,A141,A151,3,A172,1,A191,A201
A12,12,A31,A42,1677,A62,A74,2,A92,A101,4,A122,57,A143,A152,1,A173,1,A192,A201
A11,48,A34,A49,15068,A61,A73,4,A92,A102,1,A123,25,A141,A151,2,A171,1,A192,A202
A11,60,A32,A40,15928,A61,A73,3,A92,A102,1,A123,26,A142,A152,4,A171,2,A191,A202
A12,18,A32,A40,1587,A62,A75,1,A93,A101,4,A121,38,A143,A153,2,A174,2,A192,A201
A12,6,A32,A43,2311,A63,A75,2,A93,A103,2,A121,59,A143,A152,1,A174,1,A192,A201
A13,12,A31,A43,1029,A64,A73,3,A92,A101,3,A121,46,A143,A152,1,A174,1,A192,A201
A13,6,A32,A43,998,A62,A73,1,A93,A101,4,A121,51,A143,A152,1,A173,1,A192,A201
A13,30,A32,A43,1939,A63,A73,1,A92,A101,4,A121,42,A143,A152,1,A174,1,A191,A201
A13,6,A31,A43,1389,A64,A73,2,A93,A101,2,A121,54,A143,A152,1,A174,2,A191,A201
A12,48,A34,A46,5714,A61,A71,4,A92,A102,1,A123,19,A143,A151,3,A172,1,A192,A202
A13,6,A34,A40,1921,A64,A73,2,A93,A101,2,A121,57,A143,A152,1,A174,1,A191,A201
A14,36,A30,A42,15906,A65,A73,4,A92,A102,3,A123,20,A141,A151,3,A173,1,A192,A201
A13,6,A31,A46,2578,A64,A73,1,A93,A101,4,A122,49,A143,A152,1,A173,2,A191,A201
A11,60,A32,A40,7979,A61,A73,3,A93,A102,2,A123,30,A142,A151,2,A172,2,A192,A201
A13,24,A32,A49,2239,A63,A74,2,A93,A101,3,A121,53,A143,A152,1,A173,1,A191,A201
A13,6,A32,A43,1802,A64,A75,1,A92,A101,3,A122,57,A143,A152,1,A173,1,A192,A201
A13,6,A32,A46,1089,A64,A75,2,A92,A103,3,A121,51,A143,A152,1,A173,1,A192,A201
A14,36,A34,A49,6702,A61,A73,4,A91,A103,1,A123,18,A143,A151,3,A173,2,A191,A201
A12,12,A31,A43,1881,A62,A74,2,A92,A101,3,A121,35,A143,A152,1,A174,1,A191,A201
A11,36,A33,A49,15814,A61,A71,4,A93,A101,2,A124,34,A143,A151,3,A172,2,A191,A201
A13,18,A32,A40,575,A64,A74,1,A93,A101,4,A121,56,A143,A152,1,A173,1,A192,A201
A12,18,A32,A43,1124,A63,A75,2,A93,A103,4,A122,35,A143,A152,1,A173,1,A191,A201
A12,36,A33,A49,7773,A61,A71,4,A92,A101,1,A123,18,A142,A151,2,A171,2,A191,A201
A11,36,A34,A46,16482,A65,A71,4,A93,A102,1,A123,33,A141,A151,3,A173,2,A192,A201
A13,6,A31,A43,2771,A63,A73,2,A93,A101,2,A121,34,A143,A153,1,A174,1,A191,A201
A13,12,A32,A43,1307,A62,A73,2,A93,A101,3,A122,35,A143,A152,2,A174,1,A191,A201
A13,18,A34,A40,1187,A63,A74,2,A93,A101,2,A121,43,A143,A152,1,A174,1,A191,A201
A13,6,A32,A40,2110,A64,A74,2,A92,A101,4,A121,64,A143,A152,1,A173,1,A191,A201
A11,48,A30,A40,14934,A61,A73,4,A92,A103,3,A124,33,A142,A151,4,A171,1,A191,A202
A14,36,A34,A40,8857,A61,A73,3,A92,A102,1,A124,34,A142,A152,2,A172,2,A191,A202
A13,6,A32,A42,1051,A63,A75,2,A93,A101,3,A121,57,A143,A152,1,A174,1,A192,A201
A12,18,A32,A49,1163,A64,A74,1,A93,A101,2,A121,42,A143,A152,1,A174,1,A192,A201
A14,60,A34,A42,7450,A61,A71,4,A93,A101,3,A124,28,A143,A151,3,A172,2,A191,A202
A13,12,A32,A42,571,A63,A75,2,A92,A101,3,A121,56,A143,A153,1,A174,1,A192,A201
A13,12,A32,A42,1502,A64,A75,1,A93,A101,4,A121,48,A143,A152,1,A173,1,A192,A201
A12,36,A30,A49,7498,A65,A72,4,A93,A103,1,A124,26,A143,A151,4,A173,2,A191,A202
A13,6,A31,A46,1638,A62,A74,2,A93,A101,4,A121,36,A143,A152,2,A173,2,A192,A201
A12,30,A34,A42,1395,A64,A74,2,A93,A101,4,A122,62,A143,A152,2,A173,1,A191,A201
A12,6,A32,A40,1742,A64,A73,2,A93,A103,4,A121,44,A143,A152,1,A173,2,A192,A201
A13,12,A32,A43,728,A62,A73,2,A92,A101,2,A121,49,A143,A152,1,A173,1,A192,A201
A11,36,A30,A49,13521,A61,A71,4,A93,A103,1,A124,25,A142,A151,4,A171,1,A192,A202
A12,12,A31,A46,843,A64,A74,2,A93,A101,2,A121,56,A143,A152,2,A173,1,A191,A201
A13,18,A32,A40,1961,A62,A75,3,A93,A101,4,A122,53,A143,A152,1,A173,1,A191,A201
A14,72,A30,A49,11910,A61,A73,4,A92,A101,1,A124,22,A143,A151,2,A171,1,A192,A202
A12,36,A32,A42,10406,A61,A73,4,A92,A103,1,A124,22,A141,A151,2,A171,1,A191,A201
A13,6,A31,A40,1240,A62,A74,2,A93,A101,4,A121,44,A143,A152,2,A173,1,A191,A201
A12,30,A31,A49,2094,A64,A73,1,A93,A101,4,A121,34,A143,A152,2,A173,1,A192,A201
A13,18,A34,A49,1142,A62,A73,1,A93,A101,2,A121,36,A142,A152,2,A173,1,A192,A201
A12,6,A31,A49,949,A63,A74,2,A93,A101,3,A121,46,A143,A153,1,A174,1,A192,A201
A14,60,A33,A46,17581,A61,A73,3,A92,A102,2,A124,25,A142,A151,2,A171,2,A191,A202
A12,6,A34,A40,539,A64,A73,2,A93,A101,2,A122,61,A143,A152,2,A173,1,A192,A201
A12,36,A33,A46,6380,A61,A72,4,A93,A101,1,A123,29,A142,A152,2,A171,1,A191,A201
A13,18,A31,A46,2891,A62,A74,3,A93,A101,2,A121,61,A142,A152,1,A173,2,A191,A201
A13,12,A32,A49,2891,A64,A73,2,A93,A101,4,A121,40,A143,A152,1,A173,1,A191,A201
A12,36,A32,A46,9268,A65,A72,4,A93,A103,1,A123,21,A141,A151,2,A173,2,A191,A202
A13,24,A32,A43,1715,A63,A73,2,A92,A101,3,A121,55,A143,A152,1,A173,1,A191,A201
A11,60,A33,A42,11054,A61,A72,4,A91,A101,1,A124,27,A141,A152,2,A171,2,A191,A202
A12,30,A32,A43,338,A64,A74,3,A93,A101,4,A121,61,A142,A152,1,A174,2,A192,A201
A13,6,A32,A40,1254,A64,A74,2,A93,A103,3,A121,46,A143,A152,2,A174,1,A192,A201
A13,12,A32,A46,2051,A62,A73,2,A93,A101,3,A121,55,A143,A152,1,A174,1,A191,A201
A13,6,A31,A43,1489,A64,A74,2,A93,A101,3,A121,53,A143,A152,1,A173,1,A191,A201
A12,12,A32,A40,1303,A62,A75,3,A93,A101,2,A122,61,A142,A152,2,A173,2,A191,A201
A12,6,A32,A40,903,A62,A75,2,A93,A101,3,A122,61,A143,A152,1,A174,1,A191,A201
A12,24,A32,A40,2858,A63,A74,1,A93,A101,4,A121,57,A143,A152,1,A174,1,A192,A201
A12,24,A32,A43,682,A63,A74,2,A93,A101,2,A121,48,A143,A153,1,A174,1,A191,A201
A12,48,A34,A49,15311,A65,A71,4,A92,A101,1,A124,21,A143,A151,3,A171,2,A191,A201
A11,60,A34,A49,7205,A61,A72,3,A92,A101,2,A124,22,A141,A151,4,A172,1,A191,A201
A12,18,A32,A43,753,A63,A73,1,A93,A101,4,A121,35,A143,A152,1,A174,1,A191,A201
A12,12,A32,A43,2589,A63,A75,2,A92,A103,3,A122,38,A143,A153,1,A173,1,A191,A201
A11,36,A34,A49,8604,A61,A73,3,A92,A101,2,A124,30,A142,A151,2,A171,1,A191,A201
A12,12,A32,A43,623,A63,A75,3,A92,A101,4,A121,45,A142,A152,1,A174,1,A191,A201
A13,24,A31,A40,1397,A63,A73,2,A92,A101,4,A121,34,A143,A152,1,A173,1,A191,A201
A13,24,A32,A43,2435,A63,A73,2,A93,A101,2,A121,31,A143,A152,2,A173,2,A191,A201
A11,36,A32,A49,12669,A61,A71,4,A93,A103,2,A124,20,A143,A151,3,A173,2,A191,A202
A13,18,A32,A42,318,A64,A74,1,A93,A101,4,A121,52,A143,A152,1,A174,1,A192,A201
A13,24,A32,A40,801,A63,A73,2,A93,A101,4,A121,64,A143,A152,1,A174,2,A192,A201
A11,48,A34,A40,11701,A61,A73,4,A91,A103,3,A124,19,A142,A151,3,A173,2,A191,A201
A11,72,A33,A49,12221,A65,A73,4,A92,A103,2,A124,25,A141,A151,4,A172,2,A191,A201
A11,36,A33,A49,15005,A61,A71,4,A91,A101,2,A124,20,A143,A151,3,A171,2,A192,A201
A13,6,A32,A40,786,A64,A74,3,A93,A101,2,A121,41,A143,A152,1,A173,1,A192,A201
A12,12,A32,A46,696,A64,A75,2,A92,A101,3,A121,43,A143,A152,1,A174,1,A191,A201
A12,24,A32,A42,1036,A64,A74,2,A93,A101,4,A121,33,A143,A152,2,A174,1,A192,A201
A13,18,A32,A43,302,A63,A75,1,A92,A101,4,A121,47,A143,A152,2,A173,1,A192,A201
A13,12,A31,A46,2984,A62,A75,1,A93,A101,4,A121,59,A143,A152,1,A173,2,A192,A201
A13,12,A32,A42,1613,A64,A73,2,A92,A101,4,A121,45,A143,A152,2,A173,1,A192,A201
A14,60,A34,A49,9931,A65,A71,4,A93,A101,1,A124,30,A142,A151,3,A171,2,A192,A202
A13,24,A32,A42,630,A62,A74,1,A92,A101,4,A121,44,A143,A152,1,A173,2,A191,A201
A12,48,A34,A46,15014,A61,A71,4,A93,A101,1,A124,21,A141,A151,4,A171,1,A191,A202
A13,24,A34,A43,678,A62,A74,2,A92,A103,4,A121,31,A143,A152,1,A174,1,A191,A201
A11,60,A30,A49,11830,A61,A72,3,A91,A103,3,A123,31,A143,A151,3,A171,2,A191,A202
A11,72,A33,A40,16894,A61,A71,4,A93,A101,3,A124,22,A141,A151,2,A172,2,A191,A201
A13,12,A32,A40,2140,A62,A74,2,A93,A103,4,A122,48,A143,A152,2,A174,1,A191,A201
A13,30,A31,A46,2340,A64,A75,2,A93,A101,3,A122,49,A143,A152,2,A173,1,A192,A201
A12,18,A32,A40,2414,A63,A73,2,A93,A103,4,A122,41,A143,A152,2,A174,2,A191,A201
A11,60,A30,A49,16882,A61,A72,4,A91,A101,2,A124,20,A141,A151,4,A172,2,A191,A202
A11,60,A30,A46,15164,A61,A71,4,A92,A101,2,A124,29,A143,A152,3,A172,1,A192,A202
A12,6,A32,A43,2695,A64,A74,2,A93,A103,2,A121,62,A143,A152,2,A174,1,A192,A201
A13,12,A32,A42,2682,A62,A74,1,A93,A101,2,A121,63,A143,A152,2,A174,1,A192,A201
A13,6,A32,A46,2893,A62,A74,2,A93,A101,4,A122,62,A143,A152,1,A173,1,A191,A201
A13,12,A32,A40,2993,A62,A74,1,A93,A101,2,A121,37,A143,A152,1,A174,1,A192,A201
A12,18,A31,A43,713,A62,A73,2,A93,A101,2,A121,37,A143,A152,2,A173,2,A192,A201
A12,24,A32,A40,1140,A64,A74,2,A92,A101,2,A121,30,A143,A152,1,A174,1,A191,A201
A12,6,A32,A49,1381,A64,A74,2,A92,A101,2,A121,62,A143,A152,2,A173,1,A192,A201
A11,60,A30,A40,10644,A61,A71,4,A92,A101,2,A124,27,A143,A151,4,A171,2,A191,A201
A12,30,A32,A49,522,A62,A73,1,A93,A101,2,A122,40,A143,A152,1,A173,1,A192,A201
A13,6,A31,A40,1565,A63,A73,1,A93,A101,2,A121,39,A143,A152,1,A174,1,A191,A201
A11,48,A30,A49,10641,A65,A73,4,A92,A102,1,A124,27,A142,A151,3,A172,1,A191,A202
A13,24,A32,A43,983,A62,A73,1,A92,A103,3,A122,34,A143,A152,2,A173,1,A192,A201
A11,48,A33,A40,16244,A61,A71,4,A92,A101,2,A123,28,A141,A151,2,A173,2,A191,A202
A13,18,A32,A49,2567,A63,A75,1,A93,A101,4,A121,37,A143,A152,2,A173,1,A191,A201
A13,6,A32,A42,1180,A62,A75,3,A93,A101,2,A121,53,A143,A153,2,A174,1,A192,A201
A14,72,A34,A40,15054,A61,A72,4,A93,A101,2,A124,29,A141,A151,3,A172,1,A191,A202
A13,12,A32,A42,736,A63,A74,1,A93,A101,2,A121,61,A143,A152,1,A173,1,A191,A201
A14,48,A34,A49,12831,A61,A73,3,A93,A103,3,A124,23,A142,A151,3,A173,1,A191,A201
A14,48,A34,A49,9822,A65,A72,4,A93,A102,1,A124,20,A143,A151,3,A171,1,A191,A201
A13,6,A32,A46,1475,A64,A75,2,A92,A101,3,A121,45,A143,A152,2,A174,1,A191,A201
A13,24,A32,A40,2685,A62,A74,2,A93,A101,4,A121,30,A143,A152,1,A173,1,A192,A201
A11,72,A33,A40,7321,A61,A72,3,A93,A103,1,A123,27,A141,A151,3,A172,2,A191,A201
A11,48,A32,A49,10920,A61,A72,3,A92,A101,2,A124,27,A143,A151,4,A172,2,A192,A202
A13,24,A31,A43,416,A64,A73,1,A92,A101,4,A121,31,A143,A152,2,A174,1,A192,A201
A12,18,A32,A46,437,A64,A74,2,A93,A101,2,A121,39,A143,A152,1,A173,1,A191,A201
A13,30,A32,A49,1439,A62,A73,2,A92,A101,2,A121,57,A143,A153,2,A173,1,A191,A201
A13,24,A32,A49,2201,A62,A73,1,A93,A101,3,A121,36,A143,A152,1,A174,1,A191,A201
A13,12,A32,A46,578,A62,A73,2,A93,A103,4,A121,58,A143,A152,1,A173,2,A191,A201
A12,6,A32,A43,2271,A62,A75,3,A93,A101,4,A121,46,A143,A152,1,A174,1,A191,A201
A12,24,A32,A46,2559,A63,A73,1,A93,A101,2,A121,63,A142,A152,2,A174,2,A191,A201
A13,12,A32,A49,955,A62,A75,3,A93,A101,2,A121,38,A143,A152,1,A173,1,A191,A201
A12,30,A32,A49,524,A62,A74,1,A93,A101,2,A121,35,A143,A152,1,A173,1,A192,A201
A11,36,A34,A42,10954,A61,A72,4,A93,A103,3,A124,22,A141,A151,3,A171,2,A191,A201
A12,18,A34,A49,497,A62,A75,2,A93,A101,4,A121,57,A143,A152,1,A173,1,A192,A201
A14,48,A34,A40,14210,A61,A72,4,A93,A101,2,A124,19,A142,A151,4,A172,2,A192,A201
A13,12,A32,A49,2379,A64,A75,3,A92,A101,3,A122,59,A143,A152,1,A173,1,A191,A201
A12,12,A32,A42,1252,A62,A73,2,A92,A101,3,A121,33,A143,A152,1,A173,2,A192,A201
A13,12,A31,A46,961,A64,A74,1,A92,A101,3,A122,41,A143,A152,1,A173,2,A191,A201
A14,60,A33,A40,6933,A61,A73,4,A92,A102,1,A124,33,A143,A152,2,A172,2,A192,A201
A11,48,A34,A40,11506,A61,A71,4,A93,A102,1,A124,28,A143,A151,3,A172,1,A191,A201
A12,48,A30,A49,12138,A61,A71,3,A91,A101,3,A123,27,A143,A151,3,A173,1,A191,A202
A12,18,A32,A42,686,A62,A73,1,A92,A101,2,A122,34,A143,A152,2,A173,1,A192,A201
A12,18,A32,A42,1014,A63,A74,2,A93,A101,4,A121,57,A143,A152,2,A174,2,A192,A201
A11,48,A30,A40,7324,A61,A72,3,A92,A101,2,A124,19,A141,A151,3,A171,2,A191,A201
A13,18,A32,A43,419,A62,A73,1,A92,A101,2,A121,63,A143,A152,2,A174,1,A192,A201
A12,6,A31,A43,2478,A63,A73,1,A93,A101,4,A121,41,A143,A152,1,A173,1,A192,A201
A13,6,A32,A49,1659,A64,A74,2,A92,A101,3,A121,51,A143,A152,1,A174,1,A191,A201
A11,48,A34,A40,14512,A61,A73,4,A93,A102,1,A124,27,A143,A151,4,A171,1,A191,A201
A11,72,A34,A46,17774,A61,A73,4,A92,A102,1,A124,28,A143,A151,4,A173,2,A191,A201
A12,18,A31,A43,1056,A62,A75,3,A92,A101,3,A122,38,A143,A153,1,A174,1,A192,A201
A13,24,A31,A42,998,A64,A74,2,A92,A101,2,A121,56,A143,A152,1,A173,1,A192,A201
A14,72,A34,A40,14663,A61,A72,4,A93,A103,3,A124,29,A141,A151,3,A172,1,A191,A202
A13,18,A31,A40,319,A64,A75,2,A93,A101,4,A121,54,A143,A152,2,A174,2,A192,A201
A11,72,A33,A46,13562,A61,A72,4,A92,A101,1,A124,33,A141,A151,4,A171,1,A191,A201
A14,60,A33,A49,5655,A65,A72,3,A93,A103,3,A124,19,A142,A151,2,A173,2,A192,A201
A12,6,A32,A49,1374,A64,A74,2,A93,A101,2,A121,36,A143,A152,1,A173,2,A191,A201
A13,12,A32,A43,1976,A64,A74,1,A93,A101,4,A121,48,A143,A152,2,A174,1,A191,A201
A12,12,A32,A42,1703,A63,A73,2,A92,A103,4,A122,62,A143,A152,1,A174,1,A192,A201
A11,72,A33,A40,12449,A61,A71,4,A93,A103,2,A123,24,A142,A151,3,A172,2,A192,A201
A14,60,A34,A40,10155,A61,A71,4,A93,A101,1,A124,31,A143,A151,2,A172,2,A191,A201
A12,12,A32,A43,1583,A64,A74,1,A92,A101,4,A121,57,A143,A152,1,A173,1,A191,A201
A13,6,A31,A40,459,A64,A75,2,A93,A101,2,A121,55,A143,A152,1,A174,1,A192,A201
A13,12,A31,A46,1262,A62,A75,2,A93,A101,4,A121,36,A143,A152,1,A173,1,A192,A201
A13,18,A32,A40,1739,A63,A74,1,A93,A103,4,A122,64,A142,A153,2,A173,1,A191,A201
A14,60,A30,A46,17028,A61,A72,4,A93,A101,2,A124,28,A142,A151,3,A171,1,A191,A202
A13,18,A32,A40,2622,A63,A74,3,A92,A101,4,A121,35,A143,A152,1,A174,1,A192,A201
A14,72,A34,A46,14505,A61,A71,3,A93,A102,2,A123,23,A141,A152,2,A173,1,A192,A201
A12,30,A32,A43,2170,A64,A75,2,A92,A101,3,A121,34,A143,A152,2,A174,1,A192,A201
A12,18,A31,A40,2118,A64,A74,2,A93,A101,4,A121,55,A143,A152,1,A173,1,A191,A201
A11,36,A34,A42,13117,A61,A71,4,A93,A101,2,A123,26,A141,A151,2,A173,2,A192,A202
A13,24,A31,A40,1933,A62,A74,1,A92,A101,4,A121,48,A143,A152,1,A174,1,A192,A201
A13,12,A32,A42,1197,A63,A74,2,A93,A101,4,A122,55,A143,A152,2,A173,1,A192,A201
A13,12,A32,A43,697,A63,A73,2,A93,A101,4,A122,55,A143,A152,1,A173,2,A192,A201
A14,48,A34,A46,7506,A61,A71,4,A92,A102,2,A124,25,A141,A151,3,A172,2,A191,A202
A13,30,A32,A40,753,A64,A74,1,A93,A101,2,A121,30,A143,A152,2,A174,1,A192,A201
A12,48,A34,A40,13935,A61,A73,4,A93,A103,3,A124,27,A143,A152,2,A171,2,A191,A202
A12,48,A33,A42,10981,A61,A71,4,A92,A101,1,A124,32,A141,A151,2,A172,2,A192,A201
A11,48,A34,A40,9713,A61,A71,4,A93,A103,1,A124,22,A142,A152,2,A172,1,A191,A201
A12,18,A32,A43,2204,A64,A74,1,A93,A101,2,A122,34,A143,A152,1,A173,1,A191,A201
A13,6,A31,A40,2914,A64,A75,2,A93,A101,2,A121,51,A143,A152,1,A173,1,A191,A201
A14,36,A30,A46,8015,A61,A72,4,A92,A102,2,A123,25,A141,A151,4,A171,1,A191,A201
A11,48,A34,A46,5169,A61,A72,4,A92,A103,1,A124,26,A141,A151,3,A173,1,A192,A201
A13,12,A32,A43,1297,A64,A73,2,A93,A101,4,A121,59,A143,A152,1,A174,2,A192,A201
A14,48,A34,A46,6828,A61,A72,4,A93,A102,3,A123,27,A141,A151,4,A171,2,A191,A201
A12,60,A30,A40,10451,A61,A71,4,A92,A103,1,A123,28,A142,A151,2,A173,2,A191,A202
A12,12,A32,A49,2762,A62,A74,1,A93,A101,2,A121,44,A143,A152,1,A173,2,A191,A201
A13,24,A32,A40,626,A63,A75,1,A93,A101,3,A121,39,A143,A152,1,A173,1,A192,A201
A13,24,A31,A46,1478,A63,A74,2,A93,A101,2,A122,55,A143,A152,1,A173,1,A192,A201
A12,18,A32,A43,1885,A63,A73,2,A93,A101,3,A122,64,A143,A152,1,A174,1,A192,A201
A13,6,A32,A42,1466,A62,A74,3,A93,A101,3,A121,55,A143,A152,1,A174,1,A191,A201
A12,18,A34,A40,1337,A64,A74,2,A93,A101,4,A122,34,A143,A152,2,A174,1,A191,A201
A13,12,A32,A42,2423,A64,A74,3,A93,A101,3,A121,61,A143,A152,2,A173,2,A192,A201
A13,18,A32,A42,903,A63,A75,1,A93,A101,4,A121,58,A143,A152,1,A174,1,A192,A201
A14,72,A30,A40,14166,A65,A71,4,A93,A101,1,A123,33,A141,A151,3,A172,1,A191,A202
A11,48,A34,A40,17678,A61,A71,4,A93,A101,1,A124,22,A143,A151,3,A173,1,A192,A201
A12,6,A32,A40,2495,A62,A75,2,A92,A101,4,A122,31,A143,A152,2,A174,1,A192,A201
A13,18,A32,A43,2478,A63,A75,2,A93,A101,2,A121,52,A142,A152,1,A174,1,A191,A201
